Time,K,A1,A2,A3,A4,B1,B2,B3,B4,C1,C2,C3,C4,D1,D2,D3,D4,E1,E2,E3,E4,F1,F2,F3,F4,G1,G2,G3,G4,W,X,Y,Z,N1,N2,N3,N4,N5,N6,N7,N8,H1,H2,H3,H4,J1,J2,J3,K1,K2,K3,K4
77,1,4,4,4,5,4,3,5,4,5,4,4,4,4,4,5,5,4,3,4,4,4,3,5,4,4,4,5,5,2,3,2,1,,,,,,,1,1,4,4,5,4,4,4,4,4,4,5,4
230,1,5,6,5,6,5,5,4,6,5,6,4,6,7,6,5,7,6,4,5,6,5,4,5,3,5,6,4,5,1,6,4,2,,1,,1,1,1,,,5,4,6,4,5,6,4,5,6,4,6
135,1,6,6,6,6,6,6,6,6,4,4,5,5,4,4,5,4,3,5,5,5,3,3,3,4,4,4,4,4,2,3,3,4,,,,,,1,,1,4,4,4,5,4,5,5,5,5,5,5
182,1,7,6,6,7,7,7,7,6,6,5,6,7,5,5,4,7,6,6,5,7,6,6,6,5,5,6,5,7,2,1,2,2,,1,,1,1,1,1,1,6,6,7,6,6,6,6,6,6,6,5
221,1,6,6,6,6,6,6,6,6,6,6,6,6,6,6,6,6,6,6,6,6,6,6,6,6,6,6,6,6,1,5,1,1,1,1,1,,,,1,,6,6,6,6,6,6,6,6,6,6,6
429,1,7,7,5,7,5,5,4,7,5,5,4,6,4,4,3,6,3,2,1,2,4,5,4,5,4,3,3,5,1,4,5,2,,,1,,1,,,1,6,6,5,6,5,5,5,6,7,6,7
234,1,7,7,7,7,7,7,7,7,7,7,7,7,7,7,7,7,7,7,7,7,7,7,7,7,7,7,7,7,2,4,3,3,,1,,1,,1,,,7,7,7,7,7,7,7,7,6,7,7
251,1,7,7,6,7,7,7,6,7,7,6,7,7,7,6,7,7,7,7,4,7,1,1,1,7,3,4,4,7,2,3,4,4,,,,,,,1,1,5,5,4,6,5,2,7,6,4,5,7
112,1,4,5,4,5,5,4,5,4,4,5,4,5,5,4,5,4,5,4,4,5,4,4,5,5,5,4,5,5,1,4,2,2,,,,,,,1,,5,4,4,4,5,4,5,5,4,4,5
138,1,7,7,7,7,6,6,6,6,6,6,6,6,7,7,7,7,7,7,7,7,7,7,7,7,6,6,6,6,2,4,2,3,,1,,1,,1,1,,7,6,7,7,6,6,6,6,6,6,6
210,1,7,7,7,7,7,7,7,7,7,7,7,7,7,7,7,7,7,7,7,7,7,7,7,7,7,7,7,7,2,5,4,3,1,1,1,1,1,1,1,1,7,7,7,7,7,7,7,7,7,7,7
1108,1,7,7,7,7,7,6,6,6,6,5,5,4,5,6,4,4,4,4,4,3,5,4,4,6,3,4,4,4,2,3,3,4,,,,1,1,1,1,1,7,7,7,7,6,6,6,7,7,7,7
106,1,4,4,5,7,7,7,7,7,7,7,7,7,6,6,6,4,5,5,5,5,7,7,7,7,5,5,5,4,2,3,4,4,,,,,,,1,1,5,5,5,5,5,5,5,6,5,5,5
146,1,7,7,7,7,7,6,6,6,7,6,7,7,7,7,7,7,7,7,7,7,7,6,6,7,7,7,7,7,2,6,2,5,,,,1,1,1,,1,7,6,7,7,7,7,7,7,6,6,6
270,1,6,5,5,7,5,5,5,5,4,4,4,4,4,4,4,4,4,4,4,4,4,4,4,4,4,4,4,4,2,5,4,3,,1,,,,1,1,,6,5,5,5,4,4,4,7,7,7,7
151,1,6,6,6,7,6,6,6,6,6,6,6,6,6,5,5,5,6,5,4,5,6,6,5,5,5,6,5,5,2,4,4,3,,,,1,,,1,1,7,7,7,7,5,5,4,6,6,6,6
207,1,6,6,5,6,6,5,5,6,4,3,3,3,2,2,2,2,1,1,1,1,3,3,3,5,3,3,3,4,1,4,2,2,,,,1,1,,1,1,7,7,7,7,4,3,4,7,7,7,7
126,1,5,6,5,6,4,6,5,5,4,6,5,4,6,4,5,6,3,5,3,5,5,6,5,4,5,6,6,5,2,4,4,3,,1,,1,,1,1,1,7,5,6,7,6,6,7,5,6,7,6
88,1,7,6,5,7,7,7,7,7,6,6,6,6,6,7,7,7,7,7,7,7,7,7,7,7,7,7,7,7,2,3,3,3,,1,,,,1,1,1,7,7,7,7,7,7,7,7,7,7,7
522,1,7,7,4,7,7,7,4,7,6,7,6,4,6,6,5,4,6,6,4,6,5,4,3,1,3,2,2,7,1,4,4,4,,,1,,,,1,1,7,7,7,7,6,4,5,6,6,7,6
101,1,6,6,6,6,6,6,6,6,5,5,5,5,5,5,5,5,5,5,5,5,5,5,5,5,5,5,5,5,2,4,4,2,,,,1,1,,,1,4,4,4,4,4,4,3,5,5,5,5
152,1,5,5,4,7,6,6,7,7,6,5,3,7,6,5,6,6,6,5,6,6,6,6,6,7,5,6,6,7,2,3,4,2,,,,1,1,,1,1,6,6,7,7,2,2,2,5,4,3,6
230,1,6,6,6,6,6,6,6,6,5,5,5,5,6,6,6,6,6,6,6,6,6,6,6,6,6,6,6,6,1,5,4,3,1,1,1,,1,1,1,,6,6,6,6,6,6,6,6,6,6,6
137,1,6,6,6,6,6,6,6,6,5,5,5,5,5,5,5,5,5,5,5,5,6,6,6,6,6,6,6,6,2,5,4,2,,,,,1,,1,1,6,6,6,6,6,6,6,6,6,6,6
407,1,4,4,4,4,4,4,4,4,2,2,2,2,1,1,1,4,1,1,1,1,1,1,1,4,1,1,1,4,1,5,4,1,,,,,,,,1,3,3,3,3,3,3,3,2,2,2,2
226,1,7,7,7,7,7,7,7,7,7,7,7,7,4,4,4,7,1,1,1,1,7,7,7,7,1,1,1,1,1,4,2,5,,1,1,1,1,1,1,,4,7,5,4,7,7,7,7,7,7,7
304,1,7,6,4,7,6,6,4,7,6,4,4,6,6,5,4,6,5,4,4,5,5,4,4,5,4,4,4,4,2,3,4,3,,1,,,,1,1,1,6,5,6,4,2,3,4,5,2,5,5
186,1,5,5,4,7,5,4,5,5,6,7,5,7,5,6,4,5,4,4,4,3,5,5,5,6,4,4,4,7,2,3,2,3,,,,1,1,1,1,1,4,6,4,5,3,2,3,1,2,1,5
497,1,7,7,7,7,7,7,7,7,7,7,7,7,5,4,4,6,4,4,4,5,5,4,4,6,3,4,4,5,1,4,4,6,,,1,1,1,1,1,1,7,6,7,7,7,7,7,5,6,6,7
579,1,7,6,6,7,6,4,7,5,5,4,5,6,4,5,3,5,4,3,3,4,6,5,5,7,3,2,3,3,1,4,4,4,,1,,1,1,1,1,1,7,6,7,4,5,6,6,7,5,6,7
268,2,7,7,7,7,7,7,7,7,7,7,7,7,7,7,7,7,7,7,7,7,7,7,7,7,7,7,7,7,1,5,1,4,1,1,1,1,1,1,,,7,7,7,7,7,7,7,7,7,7,7
467,1,6,7,4,4,7,6,4,5,4,4,1,1,7,6,5,4,6,4,4,1,4,3,1,4,4,2,1,4,2,4,4,2,,,,,,1,1,1,6,5,7,4,3,4,4,1,4,1,1
266,1,7,7,7,7,6,6,6,7,3,1,1,2,4,3,3,4,2,2,3,2,6,6,5,7,3,3,1,5,2,3,4,3,,1,,1,,,1,1,7,7,7,7,5,4,5,7,7,7,7
184,1,7,7,6,7,7,7,7,7,7,5,5,7,7,6,4,6,6,5,5,5,4,4,3,5,4,3,4,7,1,3,4,4,,1,,1,,1,1,,7,6,7,6,5,5,4,7,7,6,6
167,1,5,5,3,7,7,7,6,7,4,4,4,4,6,6,4,7,6,6,6,7,5,3,3,6,6,3,3,6,2,3,4,4,,,,1,,,1,1,7,6,6,7,4,4,5,4,4,6,6
109,1,7,7,7,7,7,7,7,7,7,7,7,7,7,5,5,7,7,7,7,7,7,6,6,6,7,7,7,7,2,3,3,2,,1,1,1,1,1,1,,7,7,7,7,4,7,7,7,7,6,7
160,1,7,6,6,7,6,5,5,7,7,6,5,7,7,7,7,7,6,7,6,7,6,6,7,7,7,4,6,3,1,4,3,4,,1,,1,1,,,,6,6,7,7,6,7,7,6,5,5,6
130,1,1,1,2,5,7,6,7,7,1,1,2,1,7,7,7,7,1,1,1,6,1,1,1,3,1,1,2,7,1,3,4,3,1,1,,1,1,1,1,1,7,7,7,7,1,1,1,1,1,1,1
151,1,6,6,6,6,6,6,6,6,4,4,4,6,5,4,4,5,4,4,4,3,5,4,4,6,3,3,3,4,2,3,4,2,,,,,,,1,1,5,4,5,5,2,4,5,4,4,4,4
109,1,4,4,4,4,4,4,4,4,4,4,4,4,4,4,4,4,4,4,4,4,4,4,4,4,4,4,4,4,1,3,3,2,,1,,1,1,1,1,1,4,4,4,4,4,4,4,4,4,4,4
188,2,7,7,7,7,7,7,7,7,7,7,7,7,7,7,7,7,7,7,7,7,7,7,7,7,7,7,7,7,2,5,1,1,,1,,,,,1,,7,7,7,7,7,7,7,7,7,7,7
103,1,5,5,6,6,5,6,5,6,5,5,4,5,5,4,6,5,5,5,5,5,6,4,5,7,6,5,6,6,1,4,2,2,,,,1,1,,1,1,6,5,5,5,6,5,5,5,5,5,7
178,1,6,6,6,7,6,6,6,7,4,4,4,6,5,5,5,7,5,5,5,5,4,4,4,7,5,5,5,4,2,3,4,4,,1,,1,,1,1,1,6,5,5,6,6,6,6,6,6,6,6
120,1,7,7,7,7,7,7,7,7,7,7,7,7,7,6,6,7,7,7,6,6,7,6,6,7,7,6,6,7,2,4,3,3,1,1,1,1,1,1,1,1,7,7,7,7,6,6,6,7,6,6,6
134,1,6,6,7,7,6,7,6,7,5,5,6,6,6,6,5,6,6,7,6,6,7,6,7,6,6,5,6,3,1,4,4,3,,1,,1,,1,,,6,5,6,7,6,7,6,7,6,5,7
249,1,6,6,5,7,4,4,4,6,2,3,2,4,5,5,5,5,5,4,5,4,4,4,4,5,3,3,3,4,1,3,4,2,,,,1,1,1,1,1,6,7,7,6,3,3,2,6,7,7,4
76,1,6,6,7,6,5,6,5,6,7,6,6,7,6,7,7,6,5,6,5,5,6,5,6,5,6,7,7,6,2,5,3,2,,,,1,,1,,,6,5,6,6,5,6,5,5,5,5,6
133,1,4,4,4,4,4,4,4,4,4,4,4,4,4,4,4,4,4,4,4,4,4,4,4,4,4,4,4,4,1,4,3,2,,,,1,,1,,,4,4,4,4,4,4,4,4,4,4,4
202,1,7,7,6,7,7,7,7,7,6,4,4,6,7,5,6,7,7,4,5,6,6,4,5,6,7,4,6,5,2,3,4,3,,1,,1,,1,1,1,6,6,5,6,3,4,2,3,3,5,4
318,1,7,5,3,3,6,5,4,4,5,4,5,7,4,3,3,4,3,3,4,4,2,2,2,3,2,2,2,4,2,4,4,4,,,,1,,1,,1,7,6,6,5,4,4,5,5,6,6,7
187,1,7,7,7,7,7,7,7,7,3,3,3,3,3,3,3,3,3,3,3,3,7,7,7,7,3,3,3,3,1,4,2,2,,1,,,,1,1,,5,6,5,5,5,6,6,7,7,7,7
137,1,4,4,4,7,4,4,4,7,4,4,4,6,4,4,4,7,4,4,4,5,4,4,4,4,4,4,4,4,2,4,4,3,,,,,,,1,1,7,7,7,7,4,4,4,3,3,3,3
92,1,5,6,4,5,5,4,6,5,6,5,4,6,6,4,6,4,5,4,3,4,5,3,4,3,5,4,6,4,1,4,4,3,,1,,1,,,,1,5,4,5,4,4,5,4,6,4,6,5
347,1,7,5,4,7,4,4,4,4,1,1,1,7,6,6,6,7,6,6,6,7,7,7,7,7,6,6,6,7,1,5,2,2,1,,1,1,1,1,1,1,6,6,7,4,4,3,5,6,6,6,6
139,1,4,4,4,4,4,4,4,4,4,4,4,4,4,4,4,4,4,4,4,4,4,4,4,4,4,4,4,4,1,3,3,1,,1,1,1,1,1,1,,4,4,4,4,4,4,4,4,4,4,4
238,1,4,5,6,6,3,5,5,5,5,5,5,5,6,6,6,6,3,3,3,3,3,3,3,3,3,3,3,3,1,5,2,1,,,1,,,1,1,,3,3,3,3,2,2,4,5,4,4,5
114,1,5,4,4,3,4,5,3,5,5,4,4,5,4,5,4,4,5,5,4,4,4,5,5,4,4,4,5,4,2,4,4,4,,,,,,,1,1,6,6,6,6,4,4,5,6,4,5,4
134,1,7,7,7,7,5,5,6,5,5,6,5,6,6,6,5,5,6,6,5,5,5,6,6,5,6,5,6,5,1,5,3,4,,,,1,1,1,1,1,6,6,4,6,5,6,6,7,5,6,5
158,1,7,7,6,7,7,7,5,7,5,5,5,6,5,5,5,6,5,5,5,5,4,4,4,5,3,4,3,7,2,3,4,4,,,,,1,,1,1,7,7,7,6,6,5,5,7,7,7,7
238,1,5,4,4,1,4,4,4,2,4,4,4,1,7,4,4,4,4,4,4,1,4,4,4,1,1,1,4,7,1,4,3,1,,,,,1,1,1,1,3,3,3,2,1,1,1,7,7,7,7
517,1,6,7,5,7,7,7,7,7,5,5,5,4,6,5,5,5,5,5,5,4,3,3,3,7,1,1,1,7,2,4,4,2,,,,,,1,1,1,6,6,6,6,2,2,6,4,6,6,7
198,1,5,6,5,6,6,7,5,6,6,7,6,5,5,5,6,5,5,6,5,6,5,6,5,7,5,6,5,5,2,4,4,3,,1,,1,,1,,1,5,6,7,5,5,6,6,5,6,5,5
140,2,7,7,7,7,7,7,7,7,7,7,7,7,7,7,7,7,7,7,7,7,7,7,7,7,7,7,7,7,2,6,3,2,1,,,,,,,,7,7,7,7,7,7,7,7,7,7,7
290,1,7,7,7,7,7,6,6,7,4,4,4,4,5,5,5,7,4,4,4,1,5,5,5,6,5,4,5,3,2,4,4,4,,,,,,1,1,1,6,6,7,7,7,7,7,5,5,6,6
317,1,6,5,5,7,6,4,3,7,5,4,5,6,6,5,4,6,6,5,4,6,5,3,4,6,4,4,3,5,2,4,3,3,,1,,1,,1,1,1,7,6,7,6,5,4,3,6,4,5,6
93,1,6,5,4,6,4,5,4,5,5,4,5,3,4,6,3,5,3,6,4,3,3,6,3,5,5,3,6,4,1,4,3,2,,,,,,,1,,5,4,5,3,5,4,4,4,5,3,5
182,1,6,6,5,6,5,5,5,6,5,6,4,6,4,3,5,5,5,4,6,5,5,5,6,6,4,6,4,5,1,4,4,2,,1,,1,,,,,6,4,4,5,3,2,4,5,3,5,4
270,1,4,4,4,4,5,5,5,5,4,3,4,3,3,3,3,3,2,2,2,2,7,7,7,7,3,4,3,3,1,4,2,2,,1,1,,,,1,,3,3,4,4,2,2,2,5,5,6,7
886,1,7,6,6,7,5,5,4,6,5,4,5,6,6,4,5,7,6,5,5,6,7,6,6,7,5,4,4,6,1,5,3,3,,,,,,1,1,,6,5,6,6,5,5,4,6,5,6,7
327,2,7,7,7,7,7,7,7,7,7,7,7,7,7,7,7,7,7,7,7,7,7,7,7,7,7,7,6,4,1,6,2,3,,1,,,1,1,1,,7,7,7,7,7,7,7,7,7,7,7
345,1,5,5,5,6,5,5,5,6,5,5,5,7,5,5,5,6,5,5,5,6,5,5,5,6,5,5,6,4,1,5,3,2,,,,1,1,,1,1,6,6,6,6,5,5,4,6,6,5,6
2606,1,7,7,7,7,7,7,7,7,5,5,5,7,7,7,7,7,7,7,7,7,6,6,6,7,5,5,5,7,1,4,3,2,,,,1,,,1,1,7,7,7,7,7,7,7,7,7,7,7
212,1,6,6,6,6,5,5,4,5,5,5,5,7,5,4,5,7,6,6,6,5,5,5,5,7,5,5,4,7,2,5,4,2,,,,,,1,1,1,6,7,7,7,6,6,5,6,5,4,4
192,1,5,5,5,5,5,5,5,5,3,3,3,3,5,5,5,5,3,3,4,3,3,3,3,3,3,3,3,3,1,4,4,4,,1,,1,1,1,,1,6,6,6,6,6,6,4,5,6,5,5
185,2,7,7,6,5,7,7,7,7,7,7,6,7,5,6,7,7,7,6,7,5,7,7,7,7,6,7,6,4,1,3,4,5,,1,1,1,1,1,1,,7,7,7,7,7,7,7,7,7,7,7
252,1,7,6,4,7,7,6,4,7,4,3,3,5,6,3,3,6,7,4,4,3,7,4,4,6,4,3,3,5,2,2,1,3,,1,1,1,,1,1,1,5,5,5,3,6,6,6,6,6,6,3
105,1,7,5,5,7,7,6,6,7,6,5,6,6,4,5,5,5,2,3,3,3,5,4,4,5,5,3,5,4,2,3,3,3,,1,,1,1,,,,4,4,4,3,5,5,4,3,3,2,3
261,1,6,6,4,7,6,6,5,7,6,5,4,4,5,5,4,5,5,4,7,4,6,4,4,7,5,5,4,5,2,4,4,3,,,1,1,,,1,1,6,6,6,6,4,3,3,6,4,6,6
283,1,4,5,5,6,5,6,6,7,4,4,4,4,4,4,4,6,4,4,4,4,4,4,4,6,4,4,4,6,2,3,3,1,,,,,,1,1,1,4,5,5,5,4,4,4,5,4,4,4
165,2,5,5,4,6,6,6,5,7,7,7,6,7,6,6,6,7,6,5,5,4,6,5,5,6,7,6,6,7,2,3,4,4,,,,,,,1,1,7,7,7,7,5,3,2,2,4,3,3
258,1,5,5,5,5,6,6,6,6,4,4,4,4,6,5,5,5,4,4,4,5,4,4,4,4,4,4,4,4,1,4,4,3,,1,,1,1,,1,1,6,6,6,4,4,4,3,7,7,7,7
233,1,5,4,5,7,5,4,4,7,4,4,5,7,4,5,4,7,4,4,4,5,5,5,6,5,4,4,4,5,2,4,4,4,,1,,,,,1,1,7,7,7,7,5,4,4,7,7,7,7
859,1,6,5,4,6,7,6,5,6,5,4,4,7,5,6,5,6,4,5,4,5,5,4,4,5,3,2,3,4,2,4,4,3,,,,,,1,,1,5,5,6,4,2,3,3,5,4,4,6
108,1,6,4,4,6,6,5,5,6,3,3,3,4,3,3,4,3,3,4,3,3,3,4,4,5,3,2,2,4,2,3,4,4,,1,,,,1,1,1,5,4,5,4,6,3,4,3,4,4,3
112,1,5,4,4,5,3,4,4,3,5,4,5,4,5,4,4,5,3,4,3,4,4,4,5,4,4,4,5,4,2,6,4,1,1,1,,1,,1,,,4,5,4,4,4,5,4,5,4,5,4
296,1,6,6,5,6,6,6,5,6,5,4,4,5,6,6,6,6,6,6,6,6,6,6,6,6,6,6,6,6,1,4,4,2,,,,,,,1,1,6,6,6,6,4,4,4,4,4,5,6
198,1,6,5,7,7,7,6,6,6,5,4,4,5,5,5,5,5,6,5,5,5,6,4,4,5,6,4,4,4,2,2,2,3,,,,,,1,1,1,6,6,6,6,4,5,6,5,6,6,6
150,1,6,6,5,5,6,5,6,5,4,4,4,4,7,6,5,5,5,5,5,6,5,4,4,4,4,3,3,5,1,3,4,3,,,,1,1,,1,1,6,5,6,6,7,7,5,6,7,5,5
139,1,7,7,7,7,7,7,7,7,5,4,4,4,7,7,7,7,4,4,4,4,4,4,4,4,5,5,5,5,2,3,3,4,,1,,,1,,1,1,7,7,7,7,5,5,6,7,5,7,7
371,1,7,6,7,7,4,4,5,6,3,2,2,3,3,2,2,3,4,5,4,3,6,6,4,3,3,2,2,5,1,3,4,2,,,,,1,,1,1,6,7,7,5,6,6,7,6,7,6,7
427,1,5,6,5,4,7,7,4,6,2,2,3,1,7,6,5,5,3,2,3,3,1,4,3,1,1,1,1,4,1,4,4,2,,1,,,,,1,,7,7,2,1,1,2,7,1,1,2,6
158,1,7,7,4,7,7,7,7,7,7,7,5,7,7,7,5,7,7,7,7,3,7,7,7,7,7,7,7,1,2,3,4,1,,1,,,,,1,1,7,6,7,7,7,6,7,6,7,7,7
668,1,6,6,4,6,5,5,5,6,4,5,4,6,6,6,5,6,4,4,3,5,3,4,4,5,3,3,3,4,2,5,2,2,,1,,1,1,1,1,,6,6,6,6,2,2,3,5,4,5,6
304,1,6,6,6,7,6,6,7,7,7,5,4,7,4,4,4,6,5,4,4,3,5,4,4,7,5,3,3,6,1,4,2,3,,1,,1,,1,1,1,6,7,7,7,4,4,5,5,4,4,6
187,1,7,7,7,7,7,7,7,7,7,7,7,7,7,7,7,7,7,7,6,6,7,7,7,7,7,6,6,6,2,4,4,3,,1,,1,,1,1,,7,7,7,7,6,6,6,7,7,7,7
618,2,6,6,6,6,6,6,6,6,6,7,7,6,7,7,7,7,4,4,4,4,6,5,5,7,6,6,6,7,1,4,2,1,,,,,,1,1,,6,7,7,7,2,2,2,7,7,7,7
228,1,7,7,7,7,7,7,7,7,7,7,7,7,7,7,7,7,7,7,7,7,7,7,7,7,7,7,7,7,2,4,2,4,,1,,1,,1,1,1,7,7,7,7,7,7,7,7,7,7,7
146,1,7,7,7,7,7,7,7,7,7,7,7,7,7,7,7,7,7,7,7,7,7,7,7,7,7,7,7,7,1,5,3,3,,,,,,1,1,1,7,7,7,7,7,7,7,7,7,7,7
175,1,7,7,6,7,7,7,7,7,7,5,5,7,7,7,7,7,7,7,7,6,7,7,7,7,7,7,5,5,2,3,3,4,,1,,,,,1,1,5,6,4,5,4,5,5,6,4,6,5
140,1,7,7,4,7,7,7,4,7,7,5,3,7,6,4,4,6,6,5,6,5,6,6,5,6,6,5,6,5,2,3,4,4,,1,,1,,1,,1,5,6,5,6,4,4,4,5,4,4,6
195,1,3,3,3,5,7,6,6,6,7,7,6,6,7,6,6,7,7,6,7,6,2,2,3,4,2,2,3,5,1,5,4,2,,,,,,1,1,1,7,7,7,7,4,5,4,7,6,7,7
644,2,6,5,3,6,7,5,6,7,2,1,1,5,5,2,3,6,3,3,2,2,3,1,2,6,5,3,2,5,2,5,1,1,,1,,,,1,1,,4,3,4,3,2,2,4,4,3,3,5
316,1,4,4,4,5,7,7,6,7,6,7,7,7,7,7,7,7,7,6,7,7,7,6,6,6,5,5,5,6,2,4,4,3,,1,,1,1,1,1,1,7,7,7,7,6,6,5,5,6,6,5
241,1,6,6,6,6,6,6,6,6,5,5,5,5,5,5,5,6,5,5,5,5,5,5,5,4,5,5,5,6,2,4,4,2,,,,,,1,1,1,6,6,6,6,4,5,4,6,6,6,6
510,2,1,1,1,2,6,4,3,5,5,4,3,4,3,3,3,3,5,4,3,3,6,3,3,1,5,3,3,5,1,2,2,1,,,,,,,,1,3,3,4,3,2,1,4,3,1,5,3
121,1,4,4,4,4,4,4,4,4,4,4,4,4,4,4,4,4,4,4,4,4,4,4,4,4,4,4,4,4,2,4,3,4,,,,,,,1,1,6,6,6,6,3,3,2,4,4,4,4
362,1,3,2,2,3,5,4,4,6,4,4,5,6,3,2,2,2,3,2,2,2,1,1,1,1,1,1,1,1,2,3,4,3,,,,,,1,1,1,5,5,5,5,3,3,3,4,4,5,5
138,1,5,5,5,5,5,5,5,5,5,5,5,5,5,5,5,5,4,4,4,4,5,5,5,5,5,5,5,5,1,5,3,2,,,,1,1,1,1,1,5,5,5,5,5,5,5,5,5,5,5
202,1,5,5,4,5,5,5,4,6,4,5,4,5,5,5,5,6,5,4,4,4,5,5,4,6,6,6,5,6,2,5,3,4,,,,1,1,1,1,1,6,6,6,5,4,5,4,5,4,4,5
237,1,4,5,5,4,5,6,6,6,4,3,1,1,3,2,2,1,4,4,3,4,4,3,4,5,4,5,4,6,2,3,4,2,,,,,,,1,1,6,7,7,6,4,5,6,7,7,6,4
187,1,7,6,6,7,7,7,6,6,4,4,4,5,4,4,4,5,3,2,2,3,6,5,5,7,4,3,3,5,2,3,4,3,,,,1,,,1,1,5,5,6,4,4,4,3,5,4,3,5
122,1,7,7,7,7,7,7,7,7,5,5,5,6,5,6,5,6,6,7,6,6,4,4,4,6,5,5,5,6,2,3,4,2,,1,,,,1,1,1,7,7,7,7,5,4,3,7,7,7,7
114,1,6,6,6,7,7,7,7,7,4,4,4,6,6,6,6,7,6,6,6,6,3,3,3,6,3,3,3,5,2,3,3,3,,,,1,1,1,1,1,5,6,5,5,4,5,5,5,4,5,5
155,1,7,7,7,7,7,7,7,7,7,7,7,7,7,7,7,7,7,7,7,7,7,7,7,7,7,7,7,7,1,3,1,4,,1,,1,,1,,,7,7,7,7,7,7,7,7,7,7,7
171,1,7,6,6,7,7,7,7,7,5,5,5,6,5,5,5,5,5,5,5,5,5,5,5,6,3,3,3,3,2,4,4,2,,1,,1,,,,1,6,6,7,7,6,7,7,6,6,6,6
369,1,7,7,2,7,5,5,2,7,4,3,2,4,6,6,6,7,4,4,4,4,6,4,3,7,6,5,2,1,1,3,4,4,,1,,1,,,1,1,6,6,6,6,2,2,4,7,4,6,6
563,1,7,6,5,7,7,6,5,6,4,4,3,6,4,4,3,6,5,5,4,4,4,3,3,7,2,2,2,6,1,3,4,2,,1,,1,1,1,1,,7,7,7,7,7,6,6,6,6,5,7
310,2,7,7,7,7,7,7,7,7,7,7,7,7,7,7,7,7,1,7,7,1,7,7,7,7,1,1,1,1,1,4,1,1,,,,,,,,1,1,1,1,7,7,1,7,1,1,1,7
431,1,6,5,4,6,7,6,7,7,5,4,2,2,3,1,1,4,3,1,1,2,3,3,2,3,5,3,3,2,2,2,1,2,,,,,,,,1,5,5,4,3,2,2,2,5,5,3,2
516,2,7,6,4,6,7,6,4,7,5,5,4,5,6,4,4,6,5,5,4,5,4,3,3,6,4,3,3,5,2,3,1,3,,,,,,,1,,4,5,5,5,3,3,3,4,4,3,5
98,1,4,6,6,7,5,6,4,6,1,3,3,4,4,5,4,5,5,5,6,6,6,4,6,6,6,5,6,6,1,3,4,2,,,,,1,1,1,1,6,6,6,5,6,6,5,6,5,6,6
1218,1,7,7,7,7,7,7,7,7,7,7,7,7,7,7,7,7,7,7,7,7,7,7,7,7,7,7,7,7,2,4,1,2,,,,1,1,1,1,1,7,7,7,7,7,7,6,7,7,7,7
146,1,7,6,4,7,7,5,4,6,3,1,1,2,3,2,1,3,3,2,1,2,2,1,1,3,3,2,2,2,2,3,4,3,,,,,,,1,1,6,6,6,6,4,4,5,4,3,3,2
190,1,6,6,6,7,5,5,4,7,4,4,4,5,5,4,5,5,4,4,4,4,5,5,5,5,4,3,3,4,2,3,4,2,,1,,,,,1,1,4,5,5,5,3,3,2,4,5,4,5
139,1,7,6,5,6,6,6,4,6,6,6,7,5,6,5,6,6,7,6,6,6,6,7,5,6,6,6,6,6,2,3,5,3,,,,,,,1,1,6,5,4,6,5,6,5,6,4,6,5
133,1,6,6,6,7,6,5,6,6,5,5,6,5,5,6,5,7,6,7,7,6,5,6,5,5,5,6,5,5,2,5,2,2,,1,1,1,,1,1,1,7,6,6,6,4,4,5,5,6,5,5
160,1,7,7,7,7,7,7,7,7,4,4,4,4,5,5,5,5,3,3,3,3,3,3,3,3,7,7,7,7,2,3,3,3,,1,,,,,1,1,7,7,7,7,3,7,7,7,7,7,7
239,1,7,5,6,7,7,6,6,7,3,2,2,3,5,5,5,5,3,3,3,3,4,3,3,4,3,2,2,4,2,4,5,2,,,1,1,,,1,1,7,7,7,7,7,6,6,7,7,7,7
370,1,7,7,7,7,7,7,7,7,7,6,6,4,6,6,5,7,7,7,7,7,7,7,7,7,7,7,7,7,1,6,4,5,,1,1,1,1,1,1,1,7,7,7,7,5,6,7,7,7,7,7
247,2,6,5,4,6,5,5,4,6,3,4,3,4,3,3,3,2,3,3,2,2,2,2,2,3,3,3,3,4,2,5,4,3,,,,,,1,1,,5,5,5,4,3,3,2,4,4,5,4
138,1,5,6,7,5,6,5,6,6,6,5,5,4,6,5,6,7,6,6,5,7,3,6,5,5,6,5,5,6,2,4,3,4,,,,1,,1,,,5,5,5,5,6,5,5,6,5,5,6
206,1,7,6,6,6,7,6,7,6,7,6,6,7,7,6,7,6,7,6,6,6,7,6,6,7,7,6,6,7,2,4,4,2,,1,,1,1,1,1,1,7,6,6,7,6,7,6,7,6,6,6
183,1,6,5,5,6,6,6,5,6,4,4,4,4,7,7,6,7,6,5,5,5,7,7,7,6,3,4,3,5,1,3,4,2,,1,,,,1,1,,5,5,6,6,3,3,4,5,5,5,5
298,1,5,5,5,6,6,6,6,7,3,3,3,4,4,4,4,5,3,3,3,3,5,5,5,6,4,4,4,4,2,3,4,3,,,,,1,,1,1,6,6,6,7,4,3,4,4,3,4,4
247,1,4,3,3,4,5,4,4,4,5,4,4,5,5,4,4,4,3,3,3,3,4,3,3,4,4,3,3,4,2,3,4,2,,,,,,1,1,1,5,5,5,5,4,4,5,4,4,5,4
76,1,5,4,5,6,6,5,5,5,4,5,4,5,6,4,5,5,6,5,5,6,5,6,5,5,6,5,6,4,1,3,3,3,,,,,,1,1,1,5,4,6,4,6,4,6,6,3,6,5
181,1,6,6,6,7,6,6,6,7,4,4,4,5,5,5,5,4,2,2,2,2,2,2,2,3,1,1,1,1,2,3,5,2,,1,1,1,1,,,,4,5,5,5,4,5,6,5,4,5,6
161,1,7,6,6,7,7,7,7,7,6,5,5,6,5,4,5,4,6,5,5,5,6,5,6,6,6,5,5,6,2,3,4,4,1,1,,1,,,1,1,6,6,6,6,3,5,3,5,5,6,6
348,1,7,7,6,7,7,7,7,6,5,5,6,7,7,7,7,7,7,5,5,4,5,5,4,3,7,7,7,3,1,4,4,6,,,,,,1,1,,6,7,5,5,4,3,3,2,2,1,1
100,1,4,5,4,3,5,4,5,4,5,4,5,5,4,6,4,4,5,5,5,6,3,4,4,3,6,4,4,5,1,4,4,2,,,,,1,1,1,,5,4,4,5,4,5,5,5,4,5,4
131,1,5,5,4,5,4,5,5,5,5,5,4,5,4,5,5,4,4,4,4,5,5,4,5,5,5,5,4,4,2,4,2,4,,,,1,1,1,1,1,5,4,5,5,5,5,5,5,5,4,5
193,1,7,6,7,7,7,7,7,7,4,4,5,5,7,7,7,7,7,7,7,7,4,3,4,7,3,2,2,4,2,3,3,5,,1,,1,1,1,1,1,7,7,7,7,6,7,7,7,7,7,7
204,2,7,7,7,7,7,7,7,7,7,7,7,7,7,7,7,7,7,7,7,7,7,7,7,7,7,7,7,7,2,5,2,6,,,,,,1,1,,7,7,7,7,3,3,3,3,3,3,3
195,1,6,5,5,7,5,4,4,7,5,4,4,6,6,4,4,6,6,4,4,6,4,3,3,5,5,5,5,6,2,1,2,2,,,,,,,1,1,5,6,6,6,3,4,4,6,3,5,5
127,1,7,7,7,7,7,7,7,7,6,7,6,7,7,7,7,7,6,6,6,6,6,6,6,6,4,4,4,4,2,4,2,4,,1,,1,1,1,1,1,7,7,7,7,7,7,7,5,7,7,7
266,1,7,7,7,7,7,7,7,7,5,5,5,5,5,5,5,5,5,5,5,5,4,4,4,4,4,4,4,5,2,2,3,6,,,,,,,1,1,5,6,7,7,3,3,4,5,5,5,5
100,1,3,3,4,3,5,3,5,4,5,3,6,4,5,2,5,4,3,5,2,5,5,2,5,3,4,5,3,5,1,4,4,2,,,,,,,1,,5,4,4,3,4,5,4,4,3,5,3
304,1,7,6,7,6,7,6,7,6,7,6,7,6,7,6,7,6,7,6,7,6,7,6,7,7,6,7,6,7,2,4,4,2,,,,,1,1,1,1,7,6,7,6,7,6,7,6,7,6,5
195,1,7,6,6,7,7,6,5,7,2,1,1,2,4,3,3,5,1,1,1,4,1,2,2,4,2,1,1,1,2,3,4,3,,1,,,1,1,1,1,6,7,7,7,5,4,2,5,6,6,7
270,1,6,4,3,3,4,4,3,1,1,1,1,3,2,1,1,3,1,1,1,2,1,1,1,4,1,1,1,3,1,4,4,3,,,,,1,1,1,1,7,7,7,7,7,4,6,7,7,3,5
363,1,1,7,4,7,1,7,6,7,5,5,4,6,5,5,5,7,4,4,4,5,7,6,5,7,5,5,4,7,2,3,4,3,,,,,1,,1,1,6,5,6,6,5,4,5,5,4,5,6
145,1,7,7,7,7,7,7,7,7,7,7,7,7,6,5,5,6,6,6,6,6,6,6,6,6,6,6,6,6,2,4,3,2,,,,1,,1,,1,5,5,5,5,5,6,5,5,5,5,5
315,1,6,5,5,6,6,6,6,6,5,5,5,5,5,5,5,5,4,4,4,4,5,5,4,5,4,4,4,4,1,4,4,1,,,,,1,1,,,4,4,5,4,4,4,4,5,4,4,5
275,1,6,5,5,4,6,6,5,5,2,2,4,5,3,6,5,6,4,5,5,4,4,5,5,5,3,2,2,6,1,3,4,2,,,,,,1,1,1,7,7,7,7,4,4,4,7,7,7,7
386,1,7,7,6,7,6,5,5,7,5,5,4,7,5,4,5,7,4,3,3,5,3,2,3,4,2,3,3,6,1,4,4,3,,1,,,1,1,1,1,6,7,6,7,6,6,6,5,5,6,7
157,1,4,4,4,5,7,7,7,7,1,1,1,1,1,1,1,1,1,1,1,1,1,1,1,4,1,1,1,1,2,4,4,5,,1,,1,1,1,1,1,7,7,7,7,3,3,3,6,6,6,7
421,1,6,7,6,5,5,6,7,6,5,6,7,6,6,7,6,5,5,6,7,6,6,7,6,7,5,6,7,6,1,4,2,2,,,,1,1,1,1,,7,6,5,6,7,6,7,6,5,6,7
241,1,5,4,4,6,5,4,4,5,5,4,4,6,5,4,5,6,5,4,4,5,4,4,4,5,4,4,4,4,2,4,4,2,,,,,1,,,1,4,5,5,5,3,3,3,4,5,5,4
137,1,6,6,5,7,6,4,4,6,5,4,4,6,5,5,4,6,3,2,2,4,2,2,2,6,2,2,2,7,1,3,4,3,,,1,1,1,,1,1,6,6,7,7,7,4,5,7,7,7,6
178,1,7,7,7,7,7,7,7,7,7,7,7,7,7,7,7,7,6,5,6,6,7,7,7,7,7,7,7,5,1,3,4,2,,1,,1,1,,1,1,7,7,7,6,5,5,4,7,6,7,7
252,1,2,2,3,2,6,6,6,4,4,4,4,4,6,7,7,7,6,5,5,4,4,4,4,4,4,5,5,5,2,3,4,4,,,,1,1,1,1,1,7,7,7,7,4,1,1,7,7,7,7
114,1,6,6,6,7,7,7,7,7,5,5,5,5,6,6,6,6,6,6,6,6,5,6,5,6,5,5,5,5,2,4,4,2,,,,1,1,,,,6,6,5,6,5,6,5,6,6,5,6
353,1,6,6,6,7,7,7,7,7,2,2,2,3,3,3,3,2,5,6,6,5,3,2,3,3,5,6,6,6,1,4,3,3,,,,,,1,1,1,7,7,7,7,6,6,6,7,7,6,5
455,1,6,5,5,6,5,4,4,6,4,5,4,6,4,5,4,5,5,4,3,5,3,3,4,6,3,4,3,4,2,3,2,1,,1,,1,,,1,,5,6,5,5,4,4,5,6,5,4,4
465,1,4,3,3,3,3,3,5,4,5,3,4,4,3,4,4,4,4,5,5,4,3,3,3,3,2,2,2,2,2,6,1,4,,1,,1,,,,,5,5,5,5,5,5,4,4,4,5,5
120,1,5,4,5,5,3,3,3,4,5,4,3,2,5,4,5,4,5,4,5,5,5,4,3,4,3,4,5,6,1,5,3,2,,1,,1,1,1,,,6,5,5,6,4,5,6,6,5,6,7
573,1,5,5,5,6,4,4,4,4,3,2,2,4,4,4,4,6,4,4,4,4,4,4,4,5,4,4,4,5,1,4,2,3,,1,,1,,1,1,,6,5,6,5,4,5,4,5,4,4,5
131,1,5,4,3,6,7,6,6,7,4,3,3,5,5,4,5,4,6,5,5,5,6,5,6,4,4,5,5,4,1,4,4,3,,1,,1,1,1,1,1,6,6,7,6,4,5,4,5,4,5,4
293,1,6,5,5,6,6,6,6,7,3,3,4,6,5,5,6,6,4,5,6,6,5,4,4,4,3,2,4,2,2,3,2,2,,1,1,,1,1,1,1,5,6,5,4,3,3,4,4,5,5,6
100,1,6,6,6,6,6,6,6,6,6,6,6,6,6,6,6,6,6,6,6,6,6,6,6,6,6,6,6,6,2,4,4,2,,,,,,,1,1,6,6,6,6,6,6,6,6,6,6,6
142,1,6,5,5,6,6,6,7,5,1,1,1,1,4,5,5,5,5,4,5,3,5,6,6,6,4,4,4,4,1,5,5,4,,1,,1,,1,,,6,4,6,5,6,7,7,6,4,6,6
188,1,6,6,6,5,6,5,6,6,6,6,6,5,6,5,6,6,5,6,6,6,6,5,5,6,6,5,6,6,1,5,2,2,,1,,,,,1,,6,6,6,5,6,5,5,6,5,5,6
150,1,7,7,7,7,7,7,7,7,7,7,7,7,7,7,7,7,7,7,7,7,7,7,7,7,7,7,7,7,2,1,1,1,1,1,,,1,,1,,4,4,4,4,4,4,4,4,4,4,4
92,1,6,5,6,7,6,5,6,6,6,5,6,4,6,4,6,5,6,5,7,5,6,5,6,5,7,5,6,5,1,3,4,4,,,,,,1,1,1,6,5,6,6,5,6,5,6,5,6,6
154,1,7,6,6,7,7,7,6,7,4,4,4,5,6,5,5,6,5,4,4,4,3,3,3,2,3,3,4,3,2,2,2,2,,,,1,1,1,1,1,5,5,5,5,3,4,3,6,7,7,7
127,1,7,6,5,6,7,7,7,7,5,4,4,5,6,6,5,6,4,4,6,4,6,6,6,6,6,6,7,6,1,3,3,3,,1,,,,1,1,1,6,4,4,4,6,4,5,6,7,7,6
211,1,5,6,5,7,7,6,6,7,7,5,6,7,4,3,3,5,5,4,5,7,6,5,6,7,5,4,4,7,2,1,1,3,,,,,,,,1,6,6,5,6,3,5,5,4,4,5,4
135,1,7,7,7,7,6,6,6,6,7,6,7,7,7,6,6,7,6,7,6,7,7,7,7,6,7,7,6,7,1,3,3,2,,,,,,,1,,5,6,4,6,4,5,4,5,4,4,5
309,1,7,7,6,7,7,7,7,7,7,7,6,7,7,7,6,7,3,4,3,3,3,3,2,7,3,3,2,7,1,4,3,2,,1,,,1,1,1,1,7,7,7,7,6,5,7,7,7,7,7
934,1,7,6,3,6,4,4,4,4,4,4,4,4,4,4,4,4,5,5,4,4,3,3,3,3,3,3,3,3,2,4,3,1,,1,,1,,,,,4,3,3,3,4,3,3,3,3,4,4
313,1,7,5,5,7,7,5,5,7,5,4,4,6,5,4,4,4,5,4,4,4,6,5,6,5,5,4,4,4,2,4,4,2,,,,,,1,1,1,7,7,7,6,6,5,5,5,5,4,4
135,2,6,7,5,7,7,6,7,7,6,7,5,7,6,7,5,7,6,5,7,5,7,6,7,6,6,5,6,5,1,5,3,1,,,,,,,1,,6,5,6,6,6,5,6,6,5,6,6
257,1,7,5,4,7,3,5,1,7,1,5,1,7,7,5,4,7,4,2,7,7,7,7,6,7,2,4,3,3,1,3,1,3,,,,,,,,1,7,5,7,7,5,6,4,6,4,5,5
285,1,6,4,4,7,7,4,4,7,5,4,4,5,7,4,4,7,5,4,4,6,5,3,3,4,5,3,3,4,2,2,2,1,1,1,,,,1,1,1,4,5,6,6,7,7,7,2,2,2,2
208,1,7,6,6,7,6,6,7,6,6,6,6,7,6,7,6,7,6,6,6,7,6,6,6,7,7,7,6,7,1,6,4,3,,,,,1,1,1,1,6,7,6,7,6,6,7,6,7,7,7
267,1,3,3,3,7,7,7,7,7,4,4,4,4,6,6,5,6,4,4,4,4,4,4,4,4,6,6,6,6,1,4,3,2,,,,,,1,1,1,5,5,5,5,5,5,5,5,5,5,5
310,2,7,7,6,7,7,7,6,7,6,6,6,6,6,6,6,7,1,1,1,1,7,7,7,7,1,1,1,1,1,5,2,2,1,1,1,1,1,1,1,1,7,7,7,7,7,7,6,7,7,7,7
530,1,6,5,4,7,6,5,4,7,5,4,4,4,4,4,4,6,4,4,4,4,6,5,4,7,5,4,4,4,2,3,2,2,,1,1,1,,1,1,1,5,5,6,7,4,4,4,5,4,5,5
120,1,5,4,5,4,4,4,3,5,2,2,2,1,1,1,1,1,2,1,2,1,1,1,1,1,1,1,1,1,2,5,1,3,,,,,,,1,1,5,4,5,3,2,3,2,3,2,3,4
414,1,7,6,6,7,7,5,5,7,7,7,5,7,7,7,7,7,5,3,3,4,6,6,7,6,7,7,7,7,2,5,3,4,,,,,,,1,1,7,7,7,7,4,4,3,6,5,6,6
447,1,5,6,6,6,4,4,4,4,3,3,3,3,5,5,5,5,4,4,4,4,3,3,3,3,4,4,4,4,2,6,3,2,,,,,,,1,1,5,5,6,6,6,6,6,5,5,5,6
372,1,7,7,7,7,7,7,7,7,7,4,6,7,7,6,6,7,7,7,7,7,7,5,6,7,7,7,7,7,1,4,4,3,,1,,1,1,1,1,1,7,7,7,6,5,6,5,7,7,6,7
456,1,7,7,7,7,5,4,5,7,7,7,7,7,4,4,4,7,5,5,5,5,7,7,7,7,7,7,7,7,1,6,3,2,,1,,1,1,1,1,1,5,5,5,3,4,4,6,7,7,7,7
213,1,6,6,5,7,5,5,5,5,5,4,4,3,5,5,4,6,5,4,3,4,5,3,3,7,6,5,3,1,2,3,3,3,,1,,1,1,1,1,1,3,6,6,6,5,4,6,6,6,6,6
109,1,6,6,6,6,3,3,3,3,2,2,2,2,3,3,4,3,4,3,3,4,6,6,5,6,5,4,5,5,1,3,4,2,,,,,,,1,1,5,6,6,5,4,5,6,5,6,5,6
267,1,6,6,5,6,7,6,6,7,5,3,3,5,6,5,5,7,5,5,5,4,5,5,5,6,6,4,4,5,1,3,2,2,,,,,,1,1,,5,5,4,5,4,4,5,6,6,7,7
171,1,7,7,7,7,7,7,7,7,4,5,5,5,7,7,7,7,5,6,5,5,3,4,3,3,2,2,2,2,1,4,4,2,,1,,,1,1,1,1,7,7,7,7,5,5,5,7,7,7,7
360,1,3,3,3,7,4,5,6,7,3,2,5,7,4,4,5,5,4,4,5,4,3,4,4,6,4,5,5,6,2,4,4,3,,,,1,,1,1,1,7,6,7,6,5,5,4,4,5,5,6
215,1,5,5,5,5,5,5,5,5,5,5,5,5,6,6,6,6,6,6,6,6,6,6,6,6,5,5,5,5,1,6,3,2,,1,,,,1,1,,5,5,5,5,4,4,4,5,5,5,5
311,1,7,7,7,7,7,7,7,7,7,7,7,7,7,7,7,7,5,7,7,3,1,1,1,7,7,7,7,7,1,4,4,5,,1,,1,1,1,1,1,7,7,7,7,7,7,7,7,7,7,7
287,1,7,7,7,7,6,6,6,7,4,4,3,3,5,4,5,7,5,4,5,3,2,2,1,7,1,1,1,5,1,5,4,2,,1,,1,1,,1,,4,5,6,4,3,3,3,5,4,5,6
108,1,6,6,6,6,6,6,6,6,6,6,6,6,6,6,6,6,6,6,6,6,6,6,6,6,6,6,6,6,2,4,3,2,,,,1,,,1,1,6,6,6,6,6,6,6,6,6,6,6
308,1,4,4,4,4,4,4,4,4,4,4,4,4,4,4,4,4,4,4,4,4,4,4,4,4,4,4,4,4,1,4,3,3,,1,1,1,1,1,1,1,4,4,4,4,4,4,4,4,4,4,4
103,1,6,6,6,6,6,6,6,6,5,5,4,5,4,4,5,4,3,3,3,3,3,2,2,2,2,2,3,2,1,3,4,1,,,,1,1,1,1,1,5,5,5,5,3,2,2,5,5,4,4
409,1,6,6,4,7,6,6,5,7,6,6,5,6,6,6,6,7,6,7,6,7,5,6,5,6,7,6,5,6,1,4,4,6,,,,,,,1,1,7,7,7,7,3,4,4,7,7,7,7
137,1,7,7,7,7,7,7,7,7,7,7,7,7,7,7,7,7,7,7,7,7,6,6,6,7,7,7,7,7,2,4,3,3,,,,,,,1,1,7,7,7,7,7,7,7,7,7,7,7
115,1,5,5,5,4,5,5,4,5,5,5,5,6,5,6,4,5,5,6,6,5,5,6,6,5,4,5,5,6,1,3,3,4,,1,,1,1,1,1,1,5,5,6,5,5,5,5,6,5,4,5
207,1,7,7,7,7,7,7,7,7,7,7,7,7,7,7,7,7,7,7,7,7,4,4,4,5,7,1,7,7,1,5,5,3,,,,,,1,,1,7,7,7,7,3,3,1,7,7,7,7
174,1,4,5,4,6,6,6,5,6,5,4,5,4,5,4,6,4,5,5,5,5,4,5,4,4,5,5,3,5,2,4,5,3,1,1,1,1,1,1,1,1,6,4,4,3,6,4,6,5,5,6,4
446,1,5,5,5,6,5,6,5,6,4,5,5,5,5,5,5,5,4,4,4,4,4,5,5,4,3,4,3,4,2,3,4,2,,,,1,,1,1,1,4,4,5,4,4,4,4,5,5,4,5
696,1,7,7,7,7,7,7,7,7,7,7,7,7,7,7,7,7,4,4,7,4,3,3,3,7,2,2,2,7,1,4,2,5,,1,1,,,1,1,1,7,7,7,7,3,3,2,6,5,4,6
276,1,6,5,5,6,5,4,4,6,4,4,4,5,5,4,5,4,4,4,4,4,4,3,4,4,4,4,3,4,2,4,4,3,,1,,,1,1,1,1,5,5,6,4,4,4,4,5,4,4,5
154,1,7,7,7,7,7,7,7,7,7,4,4,5,6,4,5,6,6,6,5,6,6,5,6,5,6,6,5,6,1,4,4,3,,1,1,,,1,1,1,6,6,6,6,5,6,6,6,6,7,7
176,1,4,4,4,4,4,4,4,5,4,3,3,5,3,3,3,4,3,3,3,3,4,4,4,5,4,3,6,4,2,4,2,3,,,,1,1,1,1,1,4,4,4,4,4,4,3,3,3,3,4
340,1,6,6,4,7,5,4,5,6,6,5,6,7,6,7,5,7,5,6,4,7,6,5,6,4,5,6,3,5,1,6,4,3,,,,1,1,1,1,1,6,7,6,6,3,2,3,5,6,6,4
184,1,3,3,4,5,4,3,5,4,3,5,4,6,5,5,4,6,4,4,5,6,4,3,5,6,5,4,6,6,2,3,5,4,,1,,1,,1,1,1,6,5,6,6,3,4,6,5,4,5,5
399,2,7,6,5,6,7,5,5,6,6,4,4,6,6,5,5,5,6,5,5,5,5,4,4,5,6,5,5,6,1,5,2,2,,,,,,1,1,1,6,6,6,6,5,5,4,5,5,6,5
533,1,5,5,5,5,5,6,5,6,3,3,2,3,3,2,2,6,3,3,2,4,4,3,2,5,5,4,4,5,2,3,4,3,,,,,,1,1,1,5,5,6,4,2,2,2,4,3,3,5
166,1,6,6,6,6,6,6,6,7,4,6,6,7,3,3,3,7,4,4,4,4,5,6,6,4,3,4,4,7,1,3,4,2,,,,,,,1,1,5,6,5,5,5,5,5,5,5,5,5
71,1,6,4,5,4,7,7,7,7,4,4,4,4,4,4,5,4,4,4,3,3,5,5,5,5,4,3,3,3,1,4,5,2,,,,,,,1,1,5,5,5,5,5,5,3,5,4,4,4
186,1,7,7,7,7,7,7,7,7,5,6,7,7,4,5,5,6,5,5,5,4,4,4,4,4,4,5,5,4,2,3,3,3,,1,,1,,1,1,1,7,7,7,7,5,5,5,7,7,7,7
1061,1,6,6,6,6,6,6,6,6,6,6,6,5,4,3,3,5,6,6,6,5,6,6,6,6,4,4,4,5,1,4,4,4,,,,,,,1,1,6,6,6,6,6,6,5,4,6,6,6
296,1,7,6,6,7,6,5,6,7,3,2,4,6,3,1,4,6,4,5,5,3,4,3,4,7,1,3,3,4,1,4,3,3,,1,1,1,1,1,1,1,6,7,7,5,6,5,4,6,5,7,7
161,1,7,5,6,7,7,7,6,7,6,5,5,6,4,5,4,5,7,6,6,7,7,5,6,5,4,6,5,6,1,3,3,2,,,,,,,1,1,4,5,6,6,3,2,4,7,5,6,4
90,1,6,7,6,7,5,4,5,6,4,5,4,3,5,4,3,4,3,4,5,3,6,5,6,4,6,5,5,4,1,4,4,3,,,,1,1,1,1,1,6,5,6,4,6,5,4,6,5,4,5
849,1,6,6,6,7,7,6,6,7,3,3,2,2,2,2,1,3,4,3,4,4,4,3,3,5,2,1,1,5,1,3,4,3,,,,,1,1,1,1,7,5,4,5,4,3,3,4,4,4,3
235,1,7,7,7,7,7,7,7,7,5,5,5,5,5,5,5,5,5,5,5,4,7,7,7,7,7,7,7,7,1,4,2,4,,,,1,,1,1,1,7,7,7,7,7,7,7,7,7,7,7
288,1,7,7,7,7,7,7,7,7,7,7,7,7,7,7,7,7,7,7,7,7,7,7,7,7,7,7,7,7,1,4,2,4,,,,,,1,1,,7,7,7,7,7,7,7,7,7,7,7
673,1,7,7,7,7,5,3,2,3,1,1,1,7,1,1,1,7,3,2,2,3,6,4,3,7,1,1,1,6,1,4,3,3,,,,1,,1,1,1,7,7,7,7,5,4,3,6,5,7,7
296,1,7,7,7,7,7,7,7,7,7,7,7,7,7,7,7,7,7,7,7,7,7,7,7,7,7,7,7,7,2,4,4,3,1,1,1,1,1,1,1,1,7,7,7,7,6,7,7,7,7,7,7
143,1,6,5,6,6,6,6,6,6,6,6,6,7,5,6,5,7,6,5,5,5,6,5,6,7,6,6,6,6,2,4,5,4,,1,,,1,,1,1,6,6,6,7,7,7,7,6,5,5,5
170,1,6,6,6,7,7,6,6,7,5,4,5,5,6,6,6,6,6,6,6,5,6,6,6,7,6,6,6,4,2,3,4,3,,1,,,,,,1,6,6,6,6,6,6,5,6,6,6,6
114,1,6,6,5,6,6,6,5,6,6,6,6,5,6,5,6,5,6,5,6,5,6,5,6,5,6,6,5,6,2,4,3,4,1,1,,1,1,,,,6,5,6,5,6,5,6,6,5,6,6
286,1,7,7,7,7,7,7,7,7,7,7,7,7,7,7,7,7,7,7,7,5,6,6,6,7,7,7,7,5,1,4,4,3,,,,1,1,1,,1,7,7,7,5,6,5,6,4,4,6,6
921,1,1,1,1,4,7,7,7,7,1,1,1,3,1,1,1,3,1,1,1,2,1,1,1,2,7,7,7,1,2,4,4,3,,,,,,1,1,1,7,7,7,7,7,7,7,7,7,7,7
250,1,7,6,6,7,7,7,7,7,6,6,7,6,5,6,6,6,6,6,6,6,6,6,7,7,7,7,7,7,2,5,2,3,,,,,,,1,1,7,7,7,7,5,5,5,7,6,6,6
67,1,7,7,7,7,7,7,7,7,7,7,7,7,7,7,7,7,7,7,7,7,7,7,7,7,7,7,7,7,2,4,4,1,,,,1,1,1,1,1,7,7,7,7,7,7,7,7,7,7,7
281,2,7,7,7,7,7,7,7,7,7,7,7,7,7,7,7,7,7,7,7,7,7,7,7,7,7,7,7,7,1,2,1,2,1,1,1,1,1,1,1,1,7,6,7,7,4,4,3,5,5,5,5
167,1,7,7,7,7,7,6,6,7,3,3,2,3,4,4,4,6,4,4,4,1,4,4,4,6,2,2,2,3,2,5,4,4,,1,,,,,1,1,6,6,6,5,3,3,2,4,3,4,4
319,1,7,7,7,7,7,7,7,7,7,7,7,7,7,7,7,7,7,7,7,7,7,7,7,7,7,7,7,5,2,4,4,2,,,,,,1,,1,7,7,7,7,7,7,7,7,7,7,7
298,1,7,7,7,7,6,6,6,6,4,4,4,3,5,5,5,4,4,4,4,4,4,4,4,3,5,5,5,6,1,5,5,1,,,,,,1,1,1,5,5,5,5,4,4,4,7,6,6,7
189,1,7,6,6,7,6,5,5,6,7,7,7,7,5,5,6,7,7,7,7,7,7,7,7,7,6,6,7,7,1,3,2,3,,,,,1,1,1,,6,6,6,6,6,6,7,6,7,6,7
199,1,5,5,4,5,4,3,3,4,2,2,2,3,2,2,2,2,3,2,2,2,2,2,2,2,1,1,1,1,1,5,3,2,,1,1,1,1,,1,,5,5,4,4,2,2,2,6,5,5,6
301,1,7,7,7,7,7,6,6,7,6,4,5,7,6,5,5,6,4,4,3,3,6,5,5,6,7,5,4,7,1,3,3,2,,1,,1,,,1,1,6,6,5,7,7,6,7,6,7,7,6
141,1,7,7,7,7,7,7,7,7,2,2,2,6,7,6,6,7,7,7,7,7,1,1,1,2,7,7,7,7,2,3,4,4,,,,,,1,1,1,7,7,7,7,1,3,3,7,7,7,7
68,1,6,4,6,5,5,6,5,6,5,5,7,5,6,3,6,5,7,4,5,4,4,6,6,5,6,4,6,5,1,4,2,3,1,1,,1,1,1,,,6,6,4,5,5,6,6,6,5,6,5
148,1,7,7,7,7,7,7,7,7,7,7,7,7,7,7,7,7,7,7,7,7,7,7,7,7,7,7,7,7,1,4,2,2,,1,,,,,1,1,7,7,7,7,7,7,7,7,7,7,7
204,1,6,5,5,7,7,7,7,7,6,5,4,7,6,4,3,6,6,4,5,4,6,5,4,7,6,3,2,4,1,3,3,3,,,,,,,1,1,6,6,6,5,5,5,4,7,5,5,5
93,1,6,6,4,5,5,4,5,4,6,4,4,5,5,6,3,4,5,3,3,5,6,4,5,4,5,4,6,5,2,3,3,2,,,,,,,1,,6,5,4,6,4,6,3,5,3,5,3
261,1,7,7,7,7,7,5,5,7,5,5,4,5,5,5,4,5,4,4,4,4,5,5,5,5,4,4,4,4,2,2,2,2,,,,1,,,,1,6,6,7,6,5,4,4,4,4,4,4
133,1,6,5,4,5,6,6,5,7,5,4,5,5,3,2,3,4,5,4,6,6,3,4,4,5,2,2,2,1,2,3,4,3,,,,1,,,,1,6,6,6,5,3,2,2,6,5,6,5
325,1,4,3,1,4,5,4,3,6,2,1,1,4,4,2,3,6,5,4,5,5,1,1,1,6,1,1,1,4,1,4,3,4,,,,1,1,,1,1,4,6,6,5,2,3,6,5,6,5,4
696,1,5,6,5,7,7,7,7,7,4,3,3,6,3,3,3,6,4,4,4,5,1,1,1,7,5,5,1,7,1,5,4,3,,1,,,,1,,1,6,6,3,6,5,6,6,5,6,6,7
433,1,4,3,3,4,5,4,3,4,6,4,4,5,6,4,5,4,6,4,4,4,4,6,3,6,6,3,6,3,2,4,4,4,,,,,,,1,1,6,4,5,4,5,4,4,4,4,6,5
232,1,7,6,6,7,6,7,6,7,5,5,5,6,6,6,5,7,6,5,5,6,6,6,6,7,6,5,5,5,1,3,3,3,,,,1,,,1,1,6,5,6,6,4,4,5,6,6,5,6
164,1,5,5,4,6,5,5,6,6,4,4,4,4,3,4,4,5,3,3,4,3,3,3,4,3,2,2,2,2,2,4,4,2,,1,,1,,,1,1,5,5,5,6,5,5,5,5,5,6,5
257,1,5,5,4,6,5,5,4,6,2,2,2,4,4,4,4,5,2,2,2,2,2,2,2,6,2,2,2,1,2,3,4,3,1,,,1,1,,,1,7,7,6,7,4,5,5,5,5,5,5
417,1,6,6,6,7,6,6,6,7,5,4,5,7,5,5,5,6,4,4,4,3,3,3,3,3,3,3,3,5,2,4,2,5,,,,1,1,1,,,6,6,6,6,3,3,3,5,5,5,5
161,1,7,7,7,7,7,7,7,7,5,4,5,7,7,7,7,7,7,7,7,7,6,5,6,7,7,7,7,7,2,2,2,2,,1,,1,,1,1,1,7,7,7,7,5,6,7,7,7,7,7
2032,1,7,7,7,7,7,7,7,7,6,6,6,7,7,7,7,7,7,7,7,7,7,7,7,7,6,6,6,7,1,4,4,4,,,,,,1,1,1,6,6,6,4,2,2,2,7,6,7,7
281,1,5,6,5,7,6,5,4,5,4,3,3,4,2,3,1,2,5,4,5,5,4,2,3,3,3,2,1,2,1,4,4,2,,1,,1,,,1,,5,6,5,7,4,5,5,7,5,6,7
109,1,6,6,6,7,6,6,6,7,5,4,6,5,6,6,5,7,4,4,5,4,5,5,6,5,4,5,4,5,1,5,3,2,,,,1,1,1,1,,5,6,5,5,6,5,6,6,5,5,6
577,1,5,5,4,5,5,4,4,6,4,4,3,6,5,5,4,6,5,4,5,5,6,5,5,6,5,5,4,6,2,5,4,2,,,,,,,1,1,5,5,6,5,3,5,5,6,5,5,6
219,1,5,5,5,6,5,5,4,5,2,2,2,2,5,5,5,5,4,4,4,4,5,5,5,5,5,5,5,3,2,4,4,2,,,,,,1,1,1,5,5,5,4,4,4,5,5,5,5,5
235,1,4,4,4,5,6,6,5,6,5,5,4,5,4,4,4,4,6,6,5,4,5,5,5,6,3,3,3,3,2,4,4,2,,1,,,1,1,1,,6,5,5,5,4,4,4,4,4,4,4
237,1,7,7,5,7,7,6,5,5,7,5,7,7,7,6,5,6,6,5,5,4,7,6,7,7,5,5,5,7,1,3,3,2,,,,,,1,,1,7,5,6,6,5,4,6,7,6,7,7
182,1,7,5,6,4,6,6,4,7,6,6,7,7,5,5,6,6,6,6,5,7,5,6,5,7,7,6,6,5,1,3,3,2,,,,1,1,1,1,1,5,6,5,6,5,4,4,7,7,7,7
138,1,6,6,6,6,7,7,7,7,5,5,6,5,7,7,7,7,4,5,4,5,3,3,3,3,3,3,3,2,1,5,4,3,1,1,1,1,1,1,1,1,5,6,5,6,6,6,6,6,6,6,7
358,1,7,7,5,7,7,7,5,7,5,4,4,4,6,6,5,7,5,5,5,5,5,6,4,7,4,3,3,5,1,3,5,3,,,,,1,,1,1,7,7,6,6,5,5,4,7,6,7,7
66,1,5,4,5,4,5,4,5,5,4,5,4,5,4,5,4,5,4,4,5,5,5,4,5,5,5,5,5,4,1,3,4,1,,,,,,1,1,,5,4,5,5,5,4,5,5,5,5,4
259,1,5,5,6,6,5,5,5,6,4,4,4,5,3,3,4,5,3,3,3,4,2,2,2,4,2,2,2,4,1,5,4,4,,,,,1,1,1,1,6,6,6,6,5,5,5,6,5,6,6
215,1,6,6,6,7,6,5,5,6,1,1,1,2,5,4,5,5,3,2,2,3,4,3,4,7,2,1,2,4,1,4,3,3,,,,1,1,,1,,4,2,4,5,1,1,1,6,7,6,7
161,1,6,6,6,6,7,7,7,7,7,7,7,7,4,4,4,7,1,1,1,1,7,7,7,7,1,1,1,5,2,3,4,3,,,,,,1,1,1,6,6,6,6,6,6,6,6,6,6,6
249,1,7,6,6,7,7,6,6,7,5,4,4,5,6,5,5,6,5,5,5,5,6,5,6,6,5,4,4,5,2,3,2,4,,1,,,,1,1,1,7,6,7,7,5,5,5,5,5,6,5
243,1,6,5,2,7,6,4,2,7,4,2,1,2,4,1,1,4,5,1,1,4,2,1,1,1,1,1,1,1,1,4,4,3,,1,,1,1,1,1,1,7,7,7,7,3,2,1,7,7,5,4
689,1,6,6,6,6,6,6,6,6,5,5,3,6,6,6,5,7,6,6,6,6,6,6,6,6,5,5,5,5,1,5,4,3,1,1,1,1,1,1,1,,6,5,5,6,6,5,5,7,7,7,7
261,1,6,6,6,7,6,5,5,6,4,4,4,3,4,4,4,5,4,4,4,4,3,3,3,3,3,3,3,4,2,4,4,3,,,,,,,1,1,7,7,7,7,3,3,3,4,4,4,4
155,1,6,6,7,7,5,7,7,7,7,7,7,7,4,6,5,5,7,7,7,7,3,5,4,5,6,6,6,6,2,3,2,3,,1,1,,,,1,1,7,7,7,7,7,7,7,7,7,7,7
450,1,7,7,7,7,7,7,6,7,2,2,2,4,2,2,2,4,3,3,2,4,3,3,3,2,1,1,1,3,1,5,3,5,,,,,,1,,1,7,6,7,7,4,4,5,5,5,4,6
278,1,6,6,6,6,5,5,5,7,3,3,3,6,5,5,4,6,4,4,4,3,6,4,4,7,5,5,5,3,1,3,3,6,,1,1,1,1,1,1,1,6,6,6,6,6,4,3,6,4,4,6
1025,1,4,4,7,1,7,7,7,4,4,4,4,7,4,4,4,5,7,5,4,7,6,4,4,4,7,7,7,7,1,2,2,3,,1,,,,,1,1,7,6,5,1,5,7,6,3,1,7,1
272,1,7,6,1,7,6,6,1,7,6,5,2,7,7,7,1,7,4,4,1,3,3,3,7,5,6,4,1,4,2,3,4,3,,1,,1,1,,1,1,5,6,4,5,7,5,7,7,7,7,7
203,1,7,7,7,7,7,7,7,7,7,7,7,7,7,7,7,7,7,7,7,7,7,7,7,7,7,7,7,7,2,4,3,2,1,1,1,1,1,1,1,1,7,7,7,7,7,7,7,7,7,7,7
181,1,7,7,7,7,7,7,7,7,6,6,6,6,4,3,3,6,3,2,2,2,1,1,1,2,1,1,1,1,2,3,5,3,,,,,1,1,,1,7,7,7,7,6,3,3,6,7,7,5
85,1,2,2,2,2,3,3,2,4,2,2,2,3,3,4,4,3,4,4,3,3,2,1,4,3,2,1,2,2,2,3,3,4,1,1,1,1,,1,,,2,4,3,4,5,5,4,5,4,3,4
110,1,4,4,2,4,7,6,4,6,7,7,7,7,6,4,4,2,6,4,4,5,7,7,6,6,7,7,7,7,2,3,4,5,,,,,,1,1,1,7,7,7,7,7,7,3,4,4,2,3
83,1,6,5,6,4,6,5,6,5,7,7,6,5,5,6,5,5,4,3,5,5,4,3,3,4,4,4,5,4,2,4,4,3,,,,,,,1,1,7,7,7,7,7,7,6,5,6,5,6
285,1,5,5,5,7,4,5,5,6,6,5,6,6,6,6,6,7,6,6,6,6,4,5,4,5,6,6,6,6,2,5,3,2,,,,1,1,1,,,6,6,6,6,4,4,4,5,5,6,6
217,1,5,7,5,7,4,6,5,7,5,4,6,7,5,6,3,5,5,6,5,4,6,5,6,5,4,5,6,6,2,4,4,3,,,,,1,,1,1,7,7,6,7,6,7,5,7,5,7,7
133,1,6,6,6,6,6,5,5,5,5,4,4,5,4,4,3,4,5,4,4,5,4,4,3,4,4,4,3,4,2,3,1,3,,,,1,,1,1,1,5,6,4,5,3,4,3,5,4,4,5
413,2,7,7,7,7,7,7,7,7,7,7,7,7,7,7,7,7,7,7,7,7,7,7,7,7,7,7,7,7,1,6,4,2,,,,,,1,1,1,7,7,7,7,7,7,7,7,7,7,7
2468,1,6,5,5,6,6,5,6,6,4,3,3,3,4,4,4,4,5,5,5,5,5,5,5,5,5,4,4,4,2,3,4,3,,,,1,,,1,1,5,5,6,6,4,6,5,5,5,5,5
1066,1,6,7,5,7,6,6,4,7,4,3,1,3,6,5,6,7,4,3,4,5,2,1,2,4,5,4,5,6,1,5,5,2,,1,,,1,,1,1,6,5,6,7,4,5,4,6,5,6,5
363,1,7,6,6,7,7,6,6,7,6,6,6,7,7,7,7,7,6,6,6,6,6,6,6,7,6,6,6,5,2,5,1,4,,,,,,1,,1,6,7,5,6,5,4,6,6,7,6,4
296,1,7,6,6,6,7,6,6,6,6,5,6,6,6,6,6,6,6,6,6,6,5,4,4,6,5,4,4,6,1,5,4,2,,1,,,,1,,,6,5,6,6,5,5,4,5,5,4,4
427,1,7,7,7,7,7,7,6,7,7,7,7,7,7,7,7,7,7,6,4,5,7,7,7,7,7,7,3,5,2,3,4,4,,1,,1,,1,,1,7,7,7,7,7,5,7,7,5,5,7
331,1,5,6,4,4,5,4,4,4,4,4,4,4,4,3,3,4,4,4,4,2,5,4,4,7,5,4,4,6,2,5,4,4,,,,,,1,1,1,7,6,6,4,4,5,4,5,4,5,3
208,1,7,7,7,7,7,7,7,7,7,7,7,7,6,6,6,6,4,4,4,4,5,5,5,5,6,6,6,6,1,4,2,6,1,1,1,1,1,,,1,7,6,7,7,5,6,6,5,5,6,7
223,1,6,6,6,7,6,6,6,7,6,6,6,6,6,5,5,6,6,6,6,6,6,6,6,7,6,6,6,6,1,5,4,4,,1,,1,1,1,1,1,7,6,6,6,4,4,4,6,6,6,6
176,2,6,6,6,6,6,6,6,6,2,2,2,2,4,3,3,3,2,2,2,2,5,4,4,5,3,3,3,3,2,5,2,3,,1,,,1,1,1,,5,7,5,5,3,3,2,2,3,5,5
372,1,6,6,6,7,5,5,5,6,3,3,4,6,5,4,5,6,5,4,5,6,5,5,5,5,3,4,4,4,2,5,2,3,,1,,1,,1,1,1,6,6,6,6,6,7,6,6,6,7,7
156,1,7,7,7,7,7,5,5,7,7,6,4,7,7,7,7,7,5,4,5,4,7,5,7,5,7,5,6,5,1,3,3,2,,,,,,,1,1,7,7,7,6,7,6,7,7,5,7,4
198,1,6,5,6,7,6,5,5,5,5,6,6,7,5,5,6,6,5,6,5,6,5,6,7,6,5,6,6,6,2,3,4,3,,,,1,,1,1,1,6,5,6,6,5,5,6,5,6,6,6
156,1,7,7,7,7,7,7,7,7,4,4,4,7,5,5,5,7,6,6,4,6,5,5,4,7,5,5,5,7,2,3,4,5,,1,,1,1,1,1,1,7,7,7,7,5,7,7,7,7,7,7
106,1,6,4,1,7,6,4,4,5,4,4,4,5,4,4,4,4,4,4,4,4,4,4,4,6,4,4,4,6,2,3,4,3,,,,,1,,1,1,7,7,5,6,4,4,4,5,4,5,5
165,1,7,7,7,7,7,7,7,7,5,5,5,5,6,6,6,6,7,7,7,7,7,7,7,7,6,4,4,4,2,4,4,3,,,,1,,,1,1,5,5,5,5,5,5,5,5,5,6,6
83,1,5,5,5,5,5,5,5,5,5,4,4,5,5,5,5,5,5,5,5,5,5,5,5,5,6,4,4,5,1,4,4,2,,,,,1,,,,6,5,5,5,5,5,5,5,5,5,5
257,1,5,5,5,5,5,5,5,5,4,4,4,5,4,4,4,5,3,3,3,3,3,3,3,4,3,3,4,5,2,4,4,1,,1,,,,,,1,6,6,6,6,1,1,1,5,5,5,5
60,1,5,5,5,4,6,6,6,5,4,4,4,4,6,5,5,6,6,5,6,6,3,3,3,2,3,3,2,2,2,3,4,2,,,1,,1,1,,,5,5,5,5,5,5,5,6,5,4,5
336,1,6,5,4,6,6,4,4,7,6,4,6,7,6,3,4,7,6,2,3,5,6,4,4,7,5,3,5,5,2,5,2,2,,,,,,1,,,5,6,6,5,5,4,5,4,5,6,5
396,1,7,7,7,7,7,7,7,7,3,3,3,4,4,4,4,5,5,4,4,4,4,4,4,7,7,7,5,7,1,4,4,3,,1,1,1,1,1,1,1,6,7,7,7,4,4,4,4,4,4,4
175,2,7,7,7,7,7,7,7,7,7,7,7,7,7,7,7,7,7,7,7,7,7,7,7,7,7,7,7,7,2,5,1,2,,,,,,,1,,3,3,7,7,3,1,1,4,4,6,4
297,2,5,5,4,5,5,4,4,6,2,3,2,3,3,3,3,4,3,3,3,4,2,3,3,4,3,3,3,5,2,5,4,2,,,,,1,,1,,6,6,6,5,3,2,3,5,3,5,5
372,1,7,7,7,7,4,4,4,4,4,4,4,4,5,5,5,5,6,6,6,6,7,7,7,7,7,7,7,7,2,6,3,1,,,,1,1,1,1,,5,5,5,5,5,5,5,7,7,7,7
176,1,7,6,7,7,7,6,6,7,7,4,4,7,7,7,7,7,5,4,4,3,7,7,7,7,4,4,5,4,1,4,4,4,,1,,1,1,1,1,1,7,7,6,7,7,6,6,7,6,7,7
124,1,6,6,5,7,6,5,5,7,4,4,4,5,4,3,5,5,4,3,3,4,4,3,4,5,4,3,4,3,1,3,4,3,,1,1,1,1,1,1,1,5,6,5,4,5,2,3,4,5,5,4
235,1,7,7,4,7,7,7,5,7,7,7,5,7,7,7,7,7,7,7,5,4,7,7,7,7,5,7,7,7,1,4,4,3,1,1,1,1,1,1,1,1,7,7,7,7,7,7,7,7,7,7,7
367,1,7,7,7,7,4,5,5,7,6,6,6,7,4,5,5,6,3,3,3,3,5,5,5,5,3,3,3,3,2,3,4,6,,,,,,,,1,7,7,7,7,7,7,7,4,5,5,5
158,1,6,6,4,7,6,5,5,7,2,1,1,1,6,4,4,7,4,4,4,4,3,3,3,5,6,4,4,7,1,3,3,2,,1,,1,1,1,1,1,6,7,7,6,6,6,6,7,7,7,7
233,1,7,2,2,7,7,6,4,7,4,3,4,5,3,2,3,5,5,3,2,4,7,5,2,5,5,3,1,4,2,3,4,5,,,,1,,,,1,7,7,5,5,1,2,2,5,7,4,6
304,1,6,6,6,7,6,6,6,7,5,5,5,6,7,6,6,7,5,5,5,6,6,5,5,6,6,6,6,5,2,5,4,4,,,,,,1,1,1,6,6,6,5,5,5,4,5,5,5,5
177,1,6,6,6,7,6,7,6,7,5,5,6,7,5,6,5,6,5,5,6,6,5,6,6,7,5,6,5,5,2,5,4,2,,,,,,1,1,,5,6,5,6,3,4,2,5,6,5,6
454,1,7,7,7,7,7,7,7,7,7,7,7,7,6,6,6,7,6,5,5,6,7,6,6,7,7,7,7,2,1,5,3,2,,,,,,1,1,,7,7,7,7,6,6,5,4,5,4,4
266,1,6,5,4,5,5,3,3,6,4,3,2,5,3,2,2,4,4,3,2,4,6,5,5,5,3,2,1,4,2,4,4,6,,,,,,1,1,1,7,6,7,7,5,6,5,6,4,4,5
128,1,6,6,4,6,6,6,4,6,4,3,2,4,4,4,5,3,3,4,3,4,4,3,4,4,3,3,3,3,1,3,4,4,1,1,1,1,1,1,1,1,6,5,6,5,3,6,6,6,6,6,5
409,1,6,7,6,7,6,7,6,7,5,3,4,6,5,4,6,7,4,5,6,6,7,6,5,7,5,5,4,6,2,5,2,4,,1,,,,1,1,1,6,7,7,5,6,5,4,6,5,6,6
134,1,5,4,4,5,6,4,3,6,5,5,4,5,5,4,4,4,3,2,2,2,3,2,2,2,2,2,1,2,2,3,3,2,,1,,1,,1,1,1,7,7,7,7,6,6,6,6,6,6,7
105,1,7,7,4,7,7,7,7,7,7,4,4,7,7,7,7,7,7,7,7,7,7,4,4,4,7,6,5,4,2,3,3,4,,,1,,,,1,1,7,7,7,6,1,1,4,7,7,6,6
143,1,6,4,4,5,6,4,5,4,1,2,3,4,5,4,3,4,4,3,4,4,5,4,6,5,2,1,1,2,1,3,4,3,,,,,,,1,1,5,6,5,6,4,6,3,6,5,3,5
450,1,4,5,3,5,3,6,5,4,5,2,6,5,3,6,3,5,4,3,6,4,6,4,3,6,6,3,4,4,1,3,2,2,,,1,,,1,1,,4,5,3,5,5,3,7,4,3,5,3
321,1,5,6,5,6,6,6,6,7,4,5,5,6,5,5,4,6,4,5,4,5,3,4,5,5,4,5,5,5,2,3,5,2,1,1,,1,1,1,1,1,5,5,5,4,3,5,4,5,5,5,4
371,1,7,7,6,7,7,6,6,7,6,4,4,7,6,6,5,7,6,5,4,6,6,5,5,6,2,2,2,4,2,4,3,3,,1,,,,1,1,1,5,5,6,5,4,4,5,5,5,5,5
190,1,6,4,4,4,6,4,4,5,6,5,5,6,5,3,3,3,3,3,3,3,1,1,1,2,2,2,2,4,2,4,5,1,,,,1,,,,1,3,2,5,2,3,1,1,2,1,1,6
239,1,6,5,5,7,7,5,5,7,4,3,3,4,6,5,6,7,5,5,4,6,3,2,2,4,4,3,3,4,2,3,4,3,,,,,,1,1,1,6,7,7,7,6,5,6,4,4,7,6
232,1,6,5,3,3,6,6,3,6,6,7,6,5,6,7,4,5,6,5,5,6,3,2,3,6,5,6,6,4,1,4,3,3,,,,,1,1,1,1,5,6,5,4,6,6,6,4,6,5,7
103,1,5,6,5,5,4,4,4,6,6,4,6,4,5,4,5,5,6,7,5,5,6,4,4,3,5,4,4,4,1,4,4,2,,1,,1,1,1,1,1,5,6,6,5,6,5,5,5,4,5,4
66,1,5,5,6,5,6,5,4,5,6,5,5,5,6,5,6,6,6,5,5,6,6,5,4,4,5,5,4,4,2,3,3,4,,1,1,1,1,1,1,,5,6,4,6,4,4,5,6,4,5,5
126,1,4,3,3,6,5,4,4,6,2,2,2,2,3,2,2,4,3,2,3,2,4,3,4,6,2,2,2,2,1,3,5,2,,,,1,1,,1,1,5,6,6,6,2,2,2,3,2,5,5
143,1,7,6,6,7,6,4,6,7,4,5,5,7,4,5,4,6,5,3,6,6,2,3,2,4,5,4,5,6,1,4,4,2,,,,,,,1,1,6,5,6,7,5,5,6,7,7,5,4
126,1,5,5,4,5,7,7,7,7,6,5,5,7,7,6,6,6,5,6,5,5,5,4,5,4,5,5,6,5,2,3,3,4,,1,1,,,,1,1,6,5,7,6,7,7,5,5,6,7,5
149,1,7,7,5,6,7,6,5,7,5,4,4,3,4,3,3,6,3,3,3,3,3,3,3,4,1,1,1,5,2,3,4,3,,,,,,,,1,7,7,7,7,1,1,1,1,1,1,1
174,1,5,3,4,6,7,7,7,7,1,1,1,4,7,6,4,4,5,4,1,4,1,1,1,6,1,2,1,4,2,4,4,4,,,,,,,1,1,5,6,7,5,4,5,5,4,4,6,6
133,1,7,7,7,7,7,7,7,7,7,7,7,7,7,7,7,7,5,4,4,4,2,2,2,2,3,3,3,3,2,3,4,5,1,1,1,1,1,1,1,1,6,6,6,6,6,6,6,4,4,4,4
145,1,7,7,7,7,7,7,7,7,6,4,5,6,7,7,7,7,4,3,3,3,6,5,5,5,5,6,5,6,2,3,4,5,,1,,1,1,1,1,1,7,7,7,7,7,7,7,7,7,7,7
174,1,7,7,7,7,7,7,7,7,4,4,4,4,5,5,5,5,3,3,3,3,3,3,3,5,2,3,3,3,2,3,4,3,,,,1,1,1,1,1,7,7,7,7,7,7,7,7,7,7,7
212,1,7,7,7,7,7,7,7,7,4,4,4,7,7,7,7,7,4,5,4,4,7,7,7,7,7,7,7,7,2,4,4,2,,,,1,,1,1,1,7,7,7,7,3,4,5,5,4,4,4
304,1,5,5,5,6,6,6,6,7,4,5,4,6,5,5,5,5,4,3,4,5,3,2,3,4,3,3,3,4,2,3,4,4,,,,1,,1,,,5,5,4,5,5,5,6,5,5,5,6
109,1,7,7,5,6,5,4,5,6,6,4,6,5,4,5,3,5,5,4,6,5,4,5,4,4,6,4,5,4,1,3,3,4,,,,1,,1,1,1,4,4,5,3,4,5,4,4,3,5,4
248,1,7,6,7,7,7,7,7,7,2,1,1,7,7,7,6,7,6,7,7,7,7,7,7,7,2,4,4,4,1,4,1,2,,,,1,1,1,1,1,7,7,7,7,7,7,7,7,7,7,7
274,1,7,7,7,7,7,7,7,7,7,7,7,7,7,7,7,7,2,2,2,2,4,4,4,4,6,6,6,5,2,3,4,4,,,,1,1,,,1,7,7,7,7,7,7,7,7,6,6,7
253,1,7,6,6,7,6,5,6,6,3,4,5,6,4,5,3,6,5,3,5,6,5,5,5,6,5,5,6,6,1,3,4,4,,,,1,1,,1,1,7,6,6,6,4,3,3,6,6,7,4
122,1,7,6,6,7,6,7,7,7,3,3,3,3,6,5,4,6,6,5,6,7,5,6,7,7,5,3,6,7,1,4,4,2,,1,,1,1,1,1,1,6,7,7,7,7,7,5,6,6,6,7
79,1,7,7,7,7,7,7,6,7,3,3,3,3,4,5,5,5,4,4,5,4,5,5,5,4,5,4,5,4,2,3,4,3,,1,,1,1,1,,1,4,4,4,4,4,4,4,4,4,4,4
412,1,6,6,6,7,6,6,6,7,6,6,6,5,6,5,5,7,5,6,5,6,6,5,5,6,6,5,5,6,1,6,2,2,,1,1,,,,1,,5,5,6,5,4,4,3,5,4,4,5
157,1,7,6,4,7,7,6,5,7,7,3,5,7,7,4,5,7,6,4,5,4,7,5,6,7,6,4,5,7,2,3,4,4,,,,,,1,1,1,7,6,7,5,4,5,6,7,5,6,5
217,1,6,6,4,5,6,6,5,5,6,5,5,6,4,4,3,4,4,4,3,3,4,3,3,5,4,3,3,5,2,3,4,4,,,,,1,,,1,7,6,6,6,4,4,5,3,3,1,3
224,1,7,7,7,7,7,7,7,7,5,5,5,5,7,7,7,7,6,6,6,6,7,7,7,7,5,5,5,5,2,3,2,6,,1,,1,,,1,1,6,6,6,6,6,6,6,6,6,6,6
83,1,7,7,7,7,6,5,6,4,7,6,6,6,6,6,6,7,6,6,6,6,6,5,6,5,6,6,5,6,2,3,4,2,,,,,,,,1,6,6,6,6,6,6,6,6,6,6,6
114,1,4,4,4,6,4,4,4,5,4,4,4,5,4,4,4,5,4,4,4,5,4,4,4,6,4,4,4,3,1,4,4,2,,1,,,,1,1,1,6,6,6,5,7,7,7,6,7,7,6
133,1,7,6,6,6,5,5,6,5,3,3,3,3,5,5,4,4,4,5,5,4,5,5,5,5,1,2,2,1,1,4,4,2,,,,,,1,,1,6,6,6,6,6,6,6,6,5,6,6
681,1,6,6,5,7,6,5,4,6,6,5,5,6,6,5,4,6,5,4,4,5,6,4,4,5,5,4,5,5,2,4,4,3,,1,,1,1,1,1,1,6,6,7,6,6,5,5,6,5,6,5
96,1,7,7,7,7,7,7,7,7,2,3,3,7,1,1,1,7,2,2,2,2,1,1,1,6,3,3,3,6,2,3,3,2,,,,,,,1,1,6,6,6,6,6,6,6,6,6,6,4
153,1,5,5,5,5,5,5,5,5,5,5,5,6,6,6,5,6,3,3,3,3,3,3,3,3,3,3,3,3,2,3,3,2,,,,1,,1,,1,7,7,7,7,1,1,1,6,1,1,1
104,1,6,5,6,6,6,6,6,6,6,6,6,5,6,5,6,6,6,5,6,6,6,6,6,6,6,5,5,6,1,3,4,3,,1,,1,1,1,1,1,6,6,6,6,6,5,5,5,5,5,6
108,1,6,6,6,6,7,7,7,7,7,7,7,7,7,7,7,7,7,7,7,7,7,7,7,7,7,7,7,7,1,4,3,3,,,,1,1,1,,,7,6,7,7,7,7,7,7,6,6,7
152,1,6,6,6,7,6,7,5,6,4,4,4,4,6,6,6,5,5,5,5,4,7,6,5,6,4,5,4,3,1,3,4,4,,,,,,1,,1,5,6,4,5,6,4,5,4,5,4,6
203,1,6,5,4,7,6,6,6,7,5,6,7,7,4,3,3,6,3,3,2,4,6,6,4,7,6,6,4,7,2,3,3,6,,,,1,,,1,1,7,7,7,7,4,4,6,6,5,4,6
367,1,4,4,4,5,5,4,4,5,3,3,3,3,2,2,2,2,4,4,4,4,5,4,4,4,5,4,5,5,1,4,3,2,,,,1,,1,,,7,7,7,7,6,6,6,7,7,7,7
106,1,5,4,5,4,4,5,4,5,4,5,6,4,5,4,4,5,5,4,4,4,6,6,6,6,6,6,4,5,1,4,3,2,1,,1,,,,,,5,6,6,6,5,6,6,6,6,6,5
173,1,7,7,6,7,7,6,6,6,5,4,5,6,6,6,5,6,7,6,5,6,5,6,4,6,6,5,6,7,2,5,3,4,1,1,,1,,1,1,1,7,7,6,7,6,7,6,7,7,6,7
192,1,7,6,6,7,7,6,6,7,6,4,2,6,5,5,3,5,5,5,3,4,4,3,2,4,3,3,2,5,2,3,5,3,,,,,,,1,1,7,7,7,7,4,4,3,5,5,3,3
149,1,6,4,3,5,6,4,3,6,2,2,2,6,5,4,4,5,4,4,4,4,4,4,4,4,3,4,4,6,2,3,3,3,,,,,,1,1,1,5,5,5,4,5,5,5,4,4,3,3
148,1,7,7,7,7,1,1,1,1,7,7,7,7,7,7,7,7,7,7,7,7,1,1,1,7,7,7,7,7,2,4,1,1,1,1,,,,,,,7,7,7,7,7,7,7,7,7,7,7
144,1,5,5,4,5,5,5,4,5,6,4,5,5,6,5,4,6,6,5,5,6,4,5,4,5,6,4,6,6,1,3,3,3,,,,,,1,1,1,5,4,5,4,5,5,6,6,5,5,4
200,1,5,6,6,7,7,7,7,7,4,5,5,6,4,5,4,6,6,5,5,6,5,6,5,7,3,4,6,5,1,3,4,2,,1,,1,1,,1,1,6,7,6,6,5,5,6,6,6,6,5
202,1,5,4,5,4,4,5,5,4,4,5,5,5,4,5,4,5,5,4,4,5,4,5,5,4,4,5,4,5,2,5,2,1,,1,,,,1,1,,5,5,4,4,5,4,5,4,5,5,4
128,1,7,7,7,7,7,7,7,7,3,3,3,3,2,2,2,2,2,2,3,3,1,1,1,1,1,1,1,1,1,4,3,4,,,1,1,1,1,1,1,7,7,7,7,7,7,7,7,7,7,7
164,1,6,6,5,7,5,4,4,7,3,3,3,5,4,3,3,5,4,3,3,3,5,5,5,6,4,4,3,5,2,3,4,2,1,1,,1,,1,,,6,6,7,7,7,7,7,5,5,5,5
206,1,5,5,5,7,6,6,6,6,6,6,6,7,5,5,5,5,6,6,6,6,6,6,6,6,6,6,6,6,1,5,4,3,,,1,,,1,1,,6,6,6,6,6,6,6,6,6,6,6
177,1,4,4,3,7,5,5,5,5,3,3,3,3,1,1,1,1,1,1,1,1,1,1,1,1,1,1,1,1,1,3,4,2,,,,,,,1,1,5,5,5,5,2,2,2,5,5,5,5
309,1,7,7,7,7,7,7,7,7,5,5,5,5,5,5,5,5,5,5,5,5,4,4,4,4,5,5,5,5,2,5,3,2,,,,,,1,1,1,7,7,7,7,5,5,6,7,7,7,7
197,1,5,5,3,6,6,5,3,6,4,3,3,5,5,5,3,6,4,3,3,3,5,3,3,6,5,3,3,4,2,4,5,4,,1,1,,,,1,1,5,5,6,5,3,3,4,5,5,5,5
309,1,7,7,7,7,7,7,7,7,7,7,7,7,7,7,7,7,7,7,7,7,7,7,7,7,7,7,7,7,1,4,2,6,,1,1,1,1,1,1,,7,7,7,7,7,7,7,7,7,7,7
140,1,6,6,6,7,7,7,6,7,6,6,6,7,4,4,4,5,3,3,3,4,4,2,2,5,3,2,2,4,2,1,2,3,,,1,,,,1,1,7,7,7,7,6,4,3,3,4,4,4
619,1,4,4,3,7,7,7,6,7,6,6,5,7,3,3,2,7,1,2,2,1,2,2,3,7,1,1,1,1,1,4,4,3,,1,,1,1,1,1,1,6,6,6,6,7,7,7,7,7,7,6
190,1,5,5,5,6,6,5,5,7,4,5,4,5,6,6,5,6,6,5,6,5,5,6,4,5,5,4,5,6,2,3,4,3,,1,,,,1,1,1,6,7,6,6,3,4,5,5,6,5,6
137,1,1,2,2,1,3,2,2,3,3,2,3,2,3,2,2,4,3,2,2,6,3,2,2,7,5,6,7,5,2,3,3,3,,1,1,1,1,,1,1,5,5,6,5,2,2,2,4,4,4,4
184,1,7,7,7,7,7,7,7,7,4,3,4,4,7,6,7,7,3,4,4,5,6,5,5,7,2,6,5,7,1,3,5,3,,,,1,1,1,,1,6,7,7,2,3,2,1,7,1,1,7
666,1,6,5,5,5,6,5,4,5,4,4,4,4,5,5,4,5,5,5,5,4,4,4,4,4,5,4,4,4,2,5,2,4,,,,,,1,1,1,5,5,5,5,3,3,2,4,4,4,5
162,1,7,6,6,6,7,6,7,7,6,6,6,6,6,6,6,6,6,5,5,6,6,6,6,5,7,6,6,6,2,4,4,3,,1,,1,1,1,1,1,7,7,7,7,7,7,7,7,7,7,7
73,1,6,6,6,6,6,6,6,6,6,5,5,4,4,5,3,5,6,5,4,4,5,4,4,4,6,5,4,4,2,3,4,3,1,,1,,1,1,,1,6,5,4,5,5,4,4,6,5,4,5
158,1,6,6,6,6,6,6,6,6,3,3,3,3,4,4,4,4,4,4,4,4,2,2,2,2,1,2,2,2,1,3,3,2,,,,1,,1,,1,6,5,5,5,4,4,4,7,6,6,7
140,1,7,6,3,6,6,6,3,6,3,3,3,3,5,4,3,6,2,2,2,2,2,2,2,5,2,2,2,2,2,3,4,3,,,,1,,,1,1,4,5,4,5,3,3,3,5,5,5,5
209,1,7,7,7,7,7,7,7,7,6,6,6,7,5,5,6,5,5,4,1,2,5,4,5,5,5,4,4,5,1,5,3,2,,1,,,1,,,,4,4,4,4,4,4,4,5,5,5,5
237,1,7,7,6,6,7,6,5,6,7,6,5,6,7,6,6,7,6,5,4,5,6,5,6,7,5,4,5,4,2,5,5,2,,1,,1,,1,1,1,7,6,7,6,5,4,3,5,6,5,6
39,1,7,6,6,6,7,6,6,6,6,6,6,6,6,6,6,6,6,6,5,6,5,6,6,6,6,6,6,6,2,5,5,2,,,,,1,,,,5,5,5,5,5,3,3,5,5,5,5
237,1,7,7,7,7,7,7,7,7,5,4,3,6,4,3,3,6,4,4,4,4,3,3,3,6,3,3,3,4,2,4,3,2,,1,,1,,1,1,1,4,6,6,6,2,2,2,4,5,5,5
191,1,6,5,6,7,6,6,5,7,4,6,6,7,4,4,4,5,6,5,6,6,5,6,5,6,5,6,4,5,2,3,3,4,,,,,,1,1,1,6,5,5,6,4,5,4,4,4,4,3
151,1,7,7,6,7,5,6,5,6,4,4,5,6,4,4,3,4,3,4,3,4,4,5,6,7,5,3,5,6,2,3,4,5,,,,,,,1,1,6,7,7,6,5,7,5,6,7,5,7
178,1,5,5,5,6,5,5,5,6,5,5,5,6,6,6,6,7,5,5,5,6,6,6,6,6,6,6,6,6,2,4,3,3,,,,1,1,1,1,1,5,6,6,6,4,5,5,5,6,6,6
371,1,6,5,6,7,6,5,6,7,5,5,5,6,7,7,7,7,6,5,6,5,5,5,5,7,6,6,6,7,2,4,3,3,,,,1,1,1,1,1,6,6,6,6,6,6,6,4,6,4,6
139,1,7,6,6,7,7,6,5,7,4,4,4,5,5,5,4,7,4,4,4,6,4,4,4,6,4,4,4,6,2,3,4,3,,,,,,,1,1,6,6,6,6,2,2,2,6,6,6,6
467,1,7,6,6,6,7,7,6,7,6,5,6,7,7,6,6,7,7,6,5,6,6,6,6,7,7,7,5,7,2,4,4,5,,1,,1,1,1,1,1,7,7,7,7,6,6,7,7,7,7,7
96,1,7,6,6,7,7,7,7,7,5,6,5,6,6,6,7,7,7,7,6,7,6,6,6,7,6,4,7,7,1,4,4,2,,,,,1,1,1,,7,6,7,6,7,7,5,6,7,7,7
248,1,7,7,5,7,7,6,4,7,7,5,4,7,5,1,1,3,7,4,4,4,5,2,2,6,5,1,1,7,2,4,3,2,1,,,,1,1,1,1,5,3,4,5,6,4,4,7,5,5,4
157,1,5,5,5,5,6,6,5,6,5,5,4,6,4,4,4,4,4,4,4,3,5,4,4,6,4,3,3,4,2,4,4,2,,,,,,1,1,1,5,5,5,5,2,2,3,5,5,6,6
58,1,5,5,4,4,4,4,3,4,5,4,4,3,4,3,3,3,4,4,4,4,4,3,4,4,4,3,4,4,2,3,4,2,,,1,,1,,,,5,4,4,3,4,3,3,4,4,3,4
190,1,4,4,4,4,4,4,4,4,5,5,4,5,5,5,6,6,5,5,5,6,5,5,5,4,5,5,5,4,2,5,4,3,,,,,1,1,,,5,5,5,6,5,5,5,5,5,5,6
161,1,7,7,7,7,7,7,7,7,1,1,1,7,7,7,7,7,1,1,1,1,7,7,7,7,7,7,7,7,1,5,3,2,1,,1,1,,1,1,,7,7,7,7,7,6,6,5,6,6,6
274,1,6,6,6,7,7,6,6,7,4,4,4,5,5,5,5,6,4,3,3,5,5,5,5,6,3,3,3,5,2,3,3,4,,1,,1,,1,1,1,7,7,7,7,5,5,5,5,5,6,6
181,1,5,5,5,3,6,5,4,2,6,6,5,5,6,4,4,2,3,2,2,1,2,1,1,6,2,2,2,5,2,4,5,3,,,,,1,,1,1,7,7,7,7,2,1,2,4,2,6,5
100,1,7,7,7,7,6,6,6,7,7,7,7,7,7,7,7,7,6,6,5,6,4,3,3,6,6,6,6,6,2,3,3,2,,,,,,1,1,1,7,7,6,6,6,6,6,6,5,6,6
171,1,6,6,6,6,6,6,6,6,4,3,3,4,3,3,3,3,3,3,3,3,4,4,3,5,3,3,3,4,2,3,4,3,,1,,1,,,,1,5,5,5,5,5,5,5,6,5,5,6
606,2,7,7,7,7,7,7,7,7,4,4,4,4,6,6,6,6,4,4,4,4,5,4,5,6,3,3,3,4,1,5,2,1,,,,,,,1,,6,6,6,6,6,4,4,6,4,4,6
229,1,2,5,4,7,6,5,4,7,5,3,2,6,7,7,5,7,3,3,3,1,3,5,5,6,2,2,2,5,2,3,3,4,,1,,,,,1,1,7,5,6,7,4,2,4,6,6,1,4
58,1,5,5,6,5,7,6,7,6,6,6,7,5,6,5,6,5,6,4,6,6,6,5,6,6,6,4,6,6,1,4,4,3,,,,1,1,1,1,,7,5,6,7,5,6,6,6,5,6,6
155,1,5,5,5,5,5,5,5,5,3,3,3,5,5,5,5,6,5,5,5,5,4,4,4,4,4,4,4,4,2,4,4,3,,,,,,1,1,1,6,6,6,6,5,6,5,3,3,3,3
250,1,7,7,6,7,7,7,7,7,7,2,2,6,1,1,1,5,2,1,1,5,6,2,2,7,1,1,1,4,2,3,4,3,,,,1,,1,1,1,7,7,7,7,6,6,6,7,7,7,7
14799,1,7,7,7,7,7,7,7,7,4,4,4,4,5,4,4,6,6,4,4,6,3,3,3,4,1,1,1,6,1,3,4,4,,,,,,,1,1,7,7,7,7,4,7,7,4,4,4,4
179,1,6,6,6,6,4,4,4,4,7,7,7,7,2,2,2,2,6,6,6,6,3,3,3,3,2,2,2,2,2,4,2,3,,,,,,,1,1,5,4,5,4,5,5,5,5,5,5,5
439,1,6,6,5,5,6,6,6,6,2,2,1,1,2,2,1,1,1,1,1,1,3,2,2,4,3,3,2,3,2,5,5,5,,,,,,,1,1,6,4,6,6,2,2,2,5,5,6,6
390,1,7,7,7,7,7,7,7,7,7,7,7,7,7,7,7,7,7,7,7,7,7,7,7,7,7,7,7,7,2,4,3,4,,,,,,1,1,,7,7,7,7,7,7,7,7,7,7,7
198,1,7,7,7,7,5,7,4,7,1,4,4,7,2,5,4,7,1,7,4,6,6,3,5,7,7,4,7,1,2,4,4,3,1,,1,,,1,,,7,7,7,5,4,7,4,6,7,7,7
168,1,7,5,4,4,7,4,4,4,5,1,1,2,7,5,5,5,6,2,2,2,7,2,2,2,7,7,7,7,2,4,3,2,,,1,1,,,1,,4,5,5,6,1,1,1,5,6,5,5
205,1,5,3,3,6,6,5,5,6,6,6,6,6,6,4,5,6,6,6,6,6,6,5,5,6,6,4,4,6,2,3,2,3,,,,,,,,1,6,6,6,6,6,6,6,4,4,4,5
170,1,5,6,3,6,7,6,2,7,3,2,1,2,6,6,3,6,6,5,3,4,5,6,4,6,5,4,5,3,2,3,4,3,,,,1,1,,1,1,5,4,7,5,6,6,4,5,6,5,4
72,1,7,7,7,7,7,7,7,7,7,7,7,7,7,7,7,7,7,7,7,7,7,7,7,7,7,7,7,7,1,3,3,4,,,,,,,1,1,7,7,7,7,7,7,7,7,7,7,7
179,1,5,5,5,7,6,5,5,7,6,5,6,5,5,4,5,5,5,4,5,4,6,5,6,7,4,4,4,4,2,4,4,3,,1,,1,1,1,1,1,5,5,5,5,4,4,4,5,5,6,6
294,1,4,3,3,5,5,5,3,5,2,2,2,3,2,2,2,3,2,2,2,2,2,2,3,4,2,2,2,4,2,3,4,2,,1,,1,1,1,1,1,6,6,6,5,3,3,3,6,3,6,6
314,1,5,5,5,5,6,6,6,7,4,5,4,6,5,5,5,5,4,4,4,4,3,4,4,4,2,3,3,3,2,3,4,2,,,1,1,1,,,1,3,4,4,4,4,4,4,5,5,5,5
116,1,7,7,4,7,7,7,7,7,5,4,3,3,5,6,4,6,6,4,6,5,3,3,3,3,3,3,3,3,1,4,4,3,,,,1,1,1,1,1,7,7,7,7,7,5,4,6,6,6,4
156,1,6,6,6,6,6,6,5,5,4,4,4,4,6,5,5,5,4,6,5,5,3,4,5,5,6,5,3,5,1,4,4,3,,1,1,,1,1,1,,5,5,5,5,5,5,5,6,6,6,6
165,1,5,6,4,6,3,2,2,2,4,4,3,4,4,3,3,5,3,3,3,3,6,6,6,6,4,3,3,6,2,3,4,5,,,,1,,1,1,1,6,6,6,6,4,4,6,6,6,6,6
189,1,7,7,7,7,7,7,7,7,7,7,7,7,5,4,4,4,6,5,5,5,7,5,5,7,7,6,6,2,2,3,1,1,,1,1,1,1,,1,1,5,6,6,6,6,6,6,5,5,5,6
108,1,3,5,3,5,2,6,4,6,2,4,3,6,3,6,3,3,4,7,3,6,2,6,3,3,3,2,5,3,1,4,4,3,1,,1,1,1,1,1,1,1,5,4,3,6,6,2,3,4,3,5
380,1,7,6,7,7,5,4,4,7,3,3,3,2,5,4,3,6,3,3,3,3,3,3,3,4,3,3,3,4,2,3,3,5,,,,,,,1,1,7,7,6,7,7,5,5,6,6,7,7
266,1,6,6,5,7,6,6,6,7,6,6,6,7,6,6,6,6,6,5,5,5,5,5,6,5,6,5,5,6,2,4,2,3,,,,1,1,1,1,1,6,6,7,7,6,6,7,6,6,7,7
281,1,7,7,7,7,7,7,5,7,5,4,5,5,4,4,3,7,3,3,3,5,3,3,3,5,1,1,1,7,1,4,4,4,,,,1,,1,1,1,7,7,7,7,5,5,5,7,5,7,7
133,1,5,5,6,6,6,5,4,6,5,4,5,6,5,3,5,6,7,4,6,5,6,4,4,5,6,4,5,5,2,3,4,3,,,,,,,,1,5,6,6,4,5,3,5,5,4,6,4
193,1,5,5,5,6,3,3,3,4,5,5,5,6,6,5,5,6,4,5,4,4,6,6,6,7,5,5,5,6,2,4,4,4,,,,,1,,,1,6,6,7,5,2,3,3,5,3,5,5
1257,1,7,7,7,7,5,3,3,5,5,5,3,3,7,3,3,7,7,3,3,1,3,1,1,7,7,3,3,7,2,3,3,6,1,1,,1,,1,1,1,7,7,7,7,7,7,7,1,1,1,1
750,1,7,7,6,7,7,6,6,7,7,7,7,7,6,6,5,7,5,5,6,5,7,7,7,7,7,7,6,6,2,3,3,4,,,1,,,1,,1,5,4,5,6,6,6,6,5,4,6,5
137,1,7,7,7,7,7,7,7,7,4,4,4,4,4,4,4,4,4,4,4,4,4,4,4,4,4,4,4,4,2,4,3,2,,1,1,1,1,,,,4,4,4,4,4,4,4,4,4,4,4
531,1,6,6,5,6,6,5,5,5,5,5,6,4,5,6,6,5,6,5,4,5,5,6,5,4,3,4,4,4,1,4,3,2,,,,,,1,,1,5,5,5,5,5,5,4,4,4,5,5
234,1,5,5,4,6,5,3,3,6,4,3,3,5,3,3,3,4,4,3,3,4,4,4,4,4,3,3,3,4,1,3,4,2,,,,1,1,1,1,1,5,5,5,5,3,5,3,6,4,6,5
185,1,4,3,4,3,5,4,4,4,4,3,4,3,3,3,2,3,2,2,2,3,3,2,3,3,3,3,3,4,2,3,4,3,,1,,,,,1,1,4,5,4,2,4,3,4,1,1,1,1
199,1,4,5,6,6,4,4,5,5,6,5,4,5,4,6,6,4,4,4,6,3,6,4,5,4,4,5,4,4,2,4,5,2,,,,1,,,,1,4,4,5,5,6,6,5,5,4,4,4
138,1,5,4,4,4,5,4,4,4,4,3,3,3,5,4,4,4,3,3,3,3,4,3,3,3,3,3,3,3,2,4,4,2,,,,,,1,1,1,6,5,5,5,4,4,4,5,4,5,5
203,1,6,6,6,6,7,6,5,7,4,4,4,5,4,4,4,5,5,5,4,5,7,6,6,6,7,7,6,7,1,4,2,2,,,,,,,1,,5,6,5,6,5,5,6,6,6,6,6
184,1,4,4,4,7,6,6,4,7,4,4,4,7,4,4,4,7,4,4,4,4,4,4,4,7,4,4,4,5,1,4,4,2,,1,1,,,1,1,1,6,6,6,4,5,5,3,6,7,6,7
511,2,6,5,7,7,7,7,6,7,4,4,4,6,6,6,7,7,5,4,4,4,5,4,5,6,3,4,4,6,2,5,3,2,,,,,,1,1,,7,7,7,6,4,4,4,7,5,6,7
159,1,6,6,6,6,6,5,6,6,6,6,5,5,6,5,6,5,6,6,5,5,6,6,5,6,6,6,5,6,1,4,4,3,,1,,1,,,,,6,5,5,6,5,5,7,6,5,7,5
118,1,7,7,7,7,7,7,7,7,5,3,4,7,4,5,5,7,7,7,7,7,7,7,7,7,7,7,7,7,2,4,3,1,1,1,1,,1,,,,7,7,7,7,7,7,7,7,7,7,7
502,1,6,5,5,5,6,6,6,6,6,6,5,5,5,5,5,5,5,5,5,5,5,5,5,5,4,4,4,4,1,4,3,3,,,,,,,1,,4,4,4,4,2,2,2,5,2,2,3
113,1,6,6,6,5,6,5,6,7,4,5,4,6,5,6,7,5,5,5,6,6,5,6,5,5,6,7,6,6,1,4,4,2,,,,1,1,1,,,5,6,5,7,6,6,5,6,7,6,5
255,1,7,2,2,2,6,6,6,6,4,4,4,4,6,4,5,4,4,4,4,4,4,4,4,4,4,4,4,4,2,4,5,6,,,,,,1,1,,7,7,7,7,5,5,4,2,2,2,2
66,1,5,4,4,3,5,5,4,5,4,4,3,3,4,3,3,4,5,5,4,4,5,4,4,4,3,4,5,4,2,3,4,3,1,,1,,1,,,,4,6,5,4,5,4,4,5,4,3,4
760,1,7,6,4,7,7,7,5,7,5,5,4,6,6,6,5,7,5,5,4,4,6,6,5,6,6,6,5,7,2,5,4,2,,,,,1,1,,1,7,7,7,7,3,4,4,5,5,6,1
466,1,6,7,6,6,5,7,6,6,7,7,6,5,7,6,6,7,7,6,6,7,6,7,6,7,6,6,7,7,1,3,4,2,,1,,1,1,,1,,6,6,7,6,7,6,6,6,6,7,6
204,1,4,5,5,7,4,5,5,6,3,3,3,2,2,1,3,7,2,1,4,3,4,3,5,5,3,4,3,4,1,3,4,4,,,,1,,,1,1,4,5,6,6,3,5,3,5,6,6,6
194,1,5,5,5,7,7,7,7,7,3,3,3,5,4,4,4,4,7,7,7,7,6,6,6,6,3,3,3,3,2,3,3,3,,,,,,1,1,1,5,5,5,5,3,3,3,5,5,5,5
222,1,5,5,4,4,4,4,4,3,3,3,3,2,2,2,2,3,3,4,2,1,3,2,2,3,1,1,2,2,1,4,3,3,,1,,1,1,1,1,,6,6,6,6,3,4,3,5,4,5,3
355,1,6,7,5,7,6,5,6,7,3,3,2,4,6,7,6,7,2,2,1,1,2,3,2,4,5,3,2,5,2,3,5,3,,,,1,1,1,1,1,6,7,7,6,7,4,5,7,7,7,7
242,1,6,5,4,4,6,5,5,6,6,5,5,6,6,5,4,4,5,4,4,3,5,4,4,4,4,3,3,3,1,4,4,2,,,,,,1,1,1,7,6,6,7,4,4,6,5,5,4,5
149,1,6,6,7,7,7,7,7,7,4,5,6,6,6,6,6,7,5,6,6,7,5,6,6,7,5,6,6,7,1,3,4,3,1,,,1,,,1,1,6,6,7,6,7,6,7,7,6,6,6
124,1,4,4,5,3,4,3,3,5,5,3,3,3,5,4,5,4,4,3,5,5,5,3,3,2,4,3,3,6,2,4,2,2,,,,,,,1,1,4,4,3,5,4,5,5,5,3,3,5
70,1,6,5,4,5,6,6,6,5,4,2,2,4,5,4,4,5,5,4,4,5,6,4,3,5,4,4,3,5,2,3,4,3,1,1,,,,,,,5,4,4,3,5,5,5,6,3,3,3
206,2,7,6,6,7,7,7,7,7,2,1,1,4,5,6,5,7,5,4,5,3,6,7,7,7,1,1,1,4,2,4,4,3,,,,,1,1,1,,6,7,7,7,7,7,5,5,5,4,4
306,1,7,7,7,7,7,7,7,7,7,7,7,7,1,1,1,7,1,1,1,1,1,1,1,7,7,1,1,7,1,5,4,2,,,,,,,1,,7,1,7,7,7,7,1,7,7,7,7
261,1,7,6,6,7,7,7,7,7,7,7,7,7,5,6,5,7,5,4,4,3,6,5,5,6,6,5,5,6,1,4,5,3,,1,,,,,1,1,6,5,6,5,7,7,6,7,6,6,7
228,1,6,6,5,7,7,6,5,7,6,5,5,7,6,5,5,7,6,5,5,7,6,5,5,7,6,4,5,5,2,4,3,2,,1,,1,,,,1,6,6,5,6,7,7,6,6,6,6,5
88,1,7,7,7,7,7,7,7,7,4,4,4,4,5,3,5,3,1,1,1,1,1,1,3,7,1,1,1,7,2,3,3,3,,1,,,,,1,1,7,7,7,7,7,7,7,7,7,7,7
150,1,7,7,7,7,7,7,7,7,4,1,1,1,7,7,7,7,7,7,7,7,4,4,4,4,4,4,4,4,2,4,4,6,,,1,,,1,1,1,7,7,7,7,7,7,7,6,6,7,6
181,1,5,5,5,5,5,5,5,5,4,4,4,4,5,5,5,5,4,4,4,3,4,4,4,5,5,5,4,4,2,3,4,2,,,,,,1,1,1,5,5,5,5,5,5,5,5,5,5,5
215,1,7,5,5,6,6,5,6,6,5,4,4,6,7,6,6,7,5,4,5,5,4,4,3,5,3,4,4,5,2,4,4,4,,,,1,,,1,1,7,6,6,6,5,6,6,6,5,6,5
109,1,4,6,3,6,7,4,3,7,3,6,2,6,6,3,1,6,6,3,5,2,6,3,5,2,6,1,6,3,2,3,4,4,1,1,,1,1,1,1,1,5,2,6,3,5,7,3,4,3,6,2
157,1,7,7,7,7,6,7,7,7,5,5,5,5,5,5,5,5,5,5,5,5,5,5,5,5,5,5,5,5,2,4,2,2,,,,,1,1,1,1,6,6,6,7,7,7,7,6,6,7,7
204,1,5,5,4,5,7,7,7,7,4,4,4,5,6,6,5,5,6,5,4,4,4,4,4,7,7,6,4,7,2,4,5,4,,1,1,,,1,1,1,7,7,7,7,3,3,3,5,4,6,4
132,1,7,7,7,7,6,6,6,6,1,1,1,1,6,6,6,6,7,7,7,7,7,7,7,7,7,7,7,7,1,3,2,3,,1,1,,,1,1,1,7,7,7,7,7,7,7,7,7,7,7
223,1,3,2,2,3,6,4,2,6,2,2,2,4,4,2,2,5,1,1,1,1,2,2,2,2,2,2,2,3,2,4,4,2,,1,,,,1,,,5,6,6,4,1,1,1,6,3,3,3
113,1,7,7,7,7,7,7,7,7,4,4,3,2,6,4,3,4,4,4,4,3,4,3,3,4,4,3,3,2,1,4,3,1,,,,,,,,1,4,4,5,6,1,1,1,7,7,7,4
223,1,6,5,5,5,6,5,5,5,5,4,4,4,5,4,4,4,6,5,5,5,5,4,4,4,5,4,4,5,2,4,5,2,,,,,,,1,1,6,6,6,6,4,4,3,4,4,4,5
326,1,7,7,7,7,7,7,7,7,6,6,6,6,5,5,5,5,3,3,3,3,6,6,6,6,3,3,3,3,2,4,3,3,,1,,1,,1,1,1,7,7,7,7,5,5,6,7,7,7,7
105,1,7,7,7,7,7,7,7,7,7,7,7,7,7,7,7,7,7,7,7,7,7,7,7,7,7,7,7,7,2,4,3,3,,1,,1,1,1,1,1,7,7,7,7,7,7,7,7,7,7,7
694,2,7,6,6,7,7,6,5,7,5,5,4,6,6,5,5,6,5,5,5,1,6,5,5,7,5,5,5,6,1,3,4,1,,,,,,,1,,4,4,4,4,3,3,4,6,5,6,6
284,1,5,5,5,6,6,6,5,7,5,6,5,5,4,4,4,5,4,3,4,3,4,4,4,5,3,3,2,4,2,3,4,2,,,,1,1,1,,1,5,5,6,5,2,2,2,7,5,6,5
369,1,7,7,7,7,7,7,7,7,4,4,4,7,7,7,7,7,7,7,7,7,7,7,7,7,2,1,1,2,2,4,2,6,,1,,,,,1,1,7,7,7,7,4,4,5,5,5,5,5
159,1,7,7,6,7,7,7,6,7,6,5,4,5,6,4,4,4,6,4,4,4,5,3,3,4,5,3,4,3,2,4,5,3,,,,1,,,1,1,6,7,7,7,1,1,1,4,4,5,4
242,1,7,6,6,7,7,7,6,7,4,3,1,7,2,2,1,2,3,2,1,5,5,3,1,7,2,1,1,6,1,3,3,5,,,,1,1,1,1,1,6,6,7,7,1,1,3,4,7,5,6
80,1,7,7,7,7,7,7,7,7,7,7,7,7,7,7,7,7,7,7,7,7,7,7,7,7,7,7,7,7,2,2,2,4,,,1,,1,1,1,1,7,6,6,6,5,6,6,7,7,7,7
226,1,7,6,6,6,7,6,5,6,5,4,4,5,5,4,5,4,5,4,5,4,5,5,5,5,5,5,5,5,2,4,5,3,,,,1,,,1,1,6,6,6,6,3,3,3,6,4,5,4
151,1,2,2,2,2,5,5,5,5,3,3,3,3,4,4,4,4,5,5,5,5,3,3,3,3,3,3,3,3,2,4,4,4,,,,,,1,,1,7,7,7,7,4,4,4,5,5,5,5
149,1,2,2,2,5,2,3,3,5,1,2,2,3,2,3,4,5,3,3,4,5,3,4,4,5,3,4,4,5,2,4,4,6,,,1,1,1,1,1,1,6,6,6,5,5,5,6,5,6,6,6
235,1,5,4,4,6,5,4,5,6,4,3,3,4,3,2,2,5,4,3,3,3,3,2,2,4,2,2,2,3,2,3,4,2,,,,1,,,,,3,2,2,4,1,1,1,4,2,1,1
112,1,7,7,7,7,7,7,7,7,4,4,4,4,6,4,4,4,5,5,5,5,5,5,5,5,5,5,5,5,1,3,3,4,1,,,1,1,1,1,,6,6,6,6,6,6,6,6,6,6,7
288,1,4,4,4,7,5,5,4,7,6,6,6,7,4,4,4,6,5,5,5,6,4,4,5,6,4,4,4,6,1,4,3,3,,,,1,1,1,1,,5,6,7,7,6,6,6,7,7,7,7
871,1,7,6,4,5,7,6,5,6,4,3,3,3,7,6,6,7,4,4,3,4,1,1,1,5,1,1,1,7,2,4,4,3,,,,,,,,1,7,6,7,6,3,2,2,1,1,1,1
284,2,7,7,7,7,7,7,7,7,4,3,5,7,6,7,6,7,4,3,2,1,6,5,1,7,7,6,2,7,1,5,2,4,,,,,1,1,1,,7,7,7,7,7,7,4,7,7,7,7
453,1,5,7,6,4,5,7,6,5,5,7,6,5,5,7,6,5,5,7,6,5,5,7,6,5,5,7,6,5,2,4,3,3,,,,1,1,1,,,5,7,6,5,7,6,5,5,7,6,5
124,1,7,7,7,7,7,6,6,7,4,4,4,4,6,5,5,5,6,5,5,5,4,4,4,4,4,4,4,4,2,4,4,3,,,,1,1,1,1,1,7,7,7,7,7,7,7,6,6,6,6
167,2,7,7,7,7,7,7,7,7,4,4,4,7,7,7,7,7,4,4,4,4,7,7,7,7,4,4,4,4,1,4,3,2,,1,,,,1,1,,7,5,7,7,7,7,7,7,7,7,7
195,1,6,6,6,6,6,6,6,6,6,6,6,6,4,4,4,6,4,4,5,4,4,4,4,6,5,4,5,6,2,3,4,2,,1,,1,,1,1,1,5,5,6,7,4,5,5,5,4,5,5
184,2,6,5,5,6,5,5,3,5,5,5,3,6,5,5,5,6,5,5,5,5,5,5,3,5,5,5,3,3,1,5,3,3,1,1,,1,1,1,1,,6,6,6,5,5,5,5,5,5,5,5
140,1,7,7,7,7,7,7,7,7,5,4,4,6,7,4,4,6,6,5,6,5,7,6,7,7,6,6,4,5,2,4,4,2,,1,,1,1,1,1,1,6,6,7,7,6,7,7,7,6,6,7
122,1,7,7,7,7,7,7,7,7,7,7,7,7,7,7,7,7,7,7,7,7,7,7,7,7,7,7,7,7,1,4,5,3,,,,,,1,1,1,7,7,7,7,7,7,7,7,7,7,7
316,1,7,7,7,7,7,7,7,7,4,5,6,7,4,1,6,7,3,1,1,1,3,2,2,7,5,1,1,7,1,3,3,4,,,,1,,1,1,1,5,6,6,6,6,5,4,3,2,2,5
118,1,7,7,7,7,7,7,7,7,6,5,6,5,6,5,4,5,4,3,5,4,6,5,6,6,5,4,6,4,2,3,4,2,,,,,,,,1,5,5,6,5,5,6,5,6,5,6,6
167,1,6,7,6,7,6,5,5,6,2,1,2,3,6,6,5,6,6,5,7,7,3,2,2,3,2,2,1,2,1,4,3,2,,1,1,1,,1,,,6,6,5,6,7,5,6,6,5,6,6
439,1,4,3,3,4,7,5,4,7,4,4,3,7,7,4,4,5,7,4,4,4,7,5,4,7,5,3,3,5,2,4,3,4,,,,,,1,1,1,5,4,4,5,3,3,3,4,4,5,5
315,1,4,4,4,4,4,4,4,4,3,3,3,3,4,4,4,4,3,3,3,3,4,4,4,4,3,3,3,3,2,4,4,4,,1,1,1,1,1,1,1,5,5,5,4,4,4,4,4,4,4,4
241,1,5,5,5,6,6,5,5,7,5,5,5,6,5,5,5,6,5,5,4,6,5,4,5,6,5,5,5,6,2,3,4,3,,1,,1,,,,1,6,6,6,6,2,2,2,5,5,5,6
352,1,5,5,5,5,3,3,3,3,3,3,3,7,5,5,5,7,2,2,2,1,5,5,5,7,1,1,1,7,2,5,2,3,,,,1,1,1,1,1,6,5,7,7,5,5,5,5,5,5,6
470,1,6,5,6,6,6,5,5,6,5,6,5,7,6,5,5,6,5,4,5,4,4,4,5,5,5,4,4,6,2,3,4,6,,,,,,,,1,6,7,6,6,4,5,4,5,4,5,4
237,1,6,6,4,6,6,6,3,5,5,4,4,6,3,3,3,5,3,3,2,3,3,2,2,4,5,5,3,2,1,4,4,3,,1,,1,,1,,1,6,4,5,6,4,3,3,7,5,6,6
1026,1,5,4,3,5,5,4,4,5,4,4,5,5,5,4,5,5,5,4,4,5,5,4,5,5,5,4,5,4,1,3,4,4,,,,,1,1,,1,5,4,5,4,4,3,5,5,3,4,4
464,1,7,7,6,7,7,7,7,7,4,4,5,7,6,4,4,5,7,7,5,5,7,6,4,6,6,4,4,6,2,4,4,2,,,,,,,1,1,7,7,7,7,6,6,5,7,7,7,7
446,1,5,5,3,6,6,6,4,6,4,5,5,5,6,6,6,6,6,5,6,5,4,5,5,5,3,3,3,4,2,3,4,4,,1,,,,,,1,5,5,4,4,5,5,5,5,5,5,5
258,1,7,7,7,7,7,7,7,7,5,4,4,4,3,3,3,5,6,5,5,5,4,4,4,5,6,6,6,7,2,3,4,2,,1,,1,1,1,1,1,6,5,6,6,6,6,7,7,7,7,7
156,1,7,5,4,5,7,6,6,6,4,4,4,4,7,6,5,5,6,4,4,4,1,1,1,1,4,4,4,4,1,3,3,4,,,,,,,1,,7,7,7,6,6,5,6,7,7,7,6
255,1,1,1,1,1,4,3,3,4,5,5,5,5,4,4,4,1,3,3,3,5,1,1,1,1,1,1,1,7,1,4,2,2,,,,,,1,1,1,5,5,5,5,3,5,3,3,4,4,4
243,1,7,5,4,7,6,5,5,6,5,6,3,4,5,6,4,5,4,5,6,4,4,5,5,4,7,5,4,4,2,4,4,3,,1,,,1,1,,,6,4,5,5,4,4,5,6,5,5,5
111,1,7,7,7,7,7,7,7,7,5,5,6,7,6,6,6,7,4,4,4,4,7,7,7,7,7,7,7,7,1,3,3,2,,,,1,1,1,1,1,6,7,7,7,7,7,7,7,7,7,7
79,1,6,6,6,7,6,6,4,6,7,3,4,7,4,5,4,5,3,5,3,3,4,3,4,4,4,4,6,6,2,3,3,3,1,1,1,,,,1,,6,4,4,5,6,4,5,6,3,4,5
159,1,7,5,3,2,7,7,7,7,5,2,3,6,4,3,5,3,4,2,5,4,5,2,5,4,5,3,6,3,1,3,4,3,,,,,,,1,1,7,7,7,7,4,4,4,7,7,7,7
313,1,5,4,4,5,5,4,4,4,1,2,2,3,2,3,3,4,2,2,3,3,1,1,1,2,1,1,1,1,1,3,4,6,,1,,,,1,1,1,7,7,7,6,1,2,2,7,6,6,6
366,1,5,5,4,4,4,4,4,4,5,5,5,5,5,5,5,5,5,5,5,5,5,5,5,5,5,5,5,7,2,4,3,2,,,,,,1,1,1,6,6,6,6,6,6,6,6,6,6,6
885,1,6,5,5,7,7,6,5,7,6,5,4,7,4,3,3,6,6,5,5,6,5,4,4,6,6,5,4,7,2,3,4,3,,1,1,1,,,,1,5,4,6,6,4,4,4,6,6,5,5
407,1,7,7,6,7,7,6,7,7,6,6,2,6,4,3,6,6,3,5,5,3,5,3,5,5,2,2,1,5,1,3,4,4,,,,1,1,1,1,1,6,7,6,7,6,7,7,6,7,7,7
204,1,7,7,7,7,7,7,7,7,4,4,4,4,3,3,3,3,2,2,2,2,5,5,5,7,4,4,4,4,2,4,3,4,,,,,,,1,1,7,7,7,7,5,5,5,7,7,7,7
219,1,7,7,7,7,7,7,7,7,7,7,1,7,7,7,7,7,7,7,7,7,7,7,7,7,7,7,7,4,2,4,3,3,,1,,1,1,1,1,1,7,7,7,7,7,7,7,7,7,7,7
68,1,7,7,7,7,7,7,7,7,7,6,7,7,7,6,7,5,5,7,5,5,6,7,6,7,7,6,6,7,2,3,4,3,,,,,,1,1,1,7,7,7,7,7,7,7,7,7,7,7
164,2,7,7,7,7,7,7,7,7,2,5,3,3,3,3,3,3,3,3,3,3,3,3,3,5,2,4,4,6,1,3,2,3,,,,,,1,,,7,7,7,7,4,4,5,7,7,7,3
277,1,7,6,6,7,5,6,6,6,2,1,1,2,5,6,6,4,3,4,4,5,7,6,6,7,7,5,6,5,1,4,4,2,,1,,,,1,1,1,6,7,6,2,2,1,1,6,7,7,6
273,1,6,6,5,6,6,6,5,7,5,4,5,6,6,5,5,7,6,6,5,6,7,7,6,7,7,6,5,6,2,3,5,2,,,,,,1,,1,6,6,7,7,4,3,2,5,4,5,5
242,1,6,6,7,5,6,5,6,6,4,5,5,6,5,4,4,5,2,4,5,4,3,5,6,6,2,3,4,5,1,4,4,2,,,,,1,1,1,,5,6,5,6,5,6,5,5,6,5,6
104,1,7,5,5,7,7,4,4,7,7,5,5,7,6,6,5,7,4,3,4,5,4,5,4,4,4,5,4,4,2,3,4,3,,,,1,,,1,1,7,7,7,7,4,4,5,3,2,3,3
248,1,7,7,7,7,7,6,5,7,4,5,4,5,2,2,1,7,2,2,2,3,4,3,2,4,2,3,3,4,2,4,4,4,,,,1,,1,1,1,7,7,7,5,5,6,4,7,7,6,6
117,1,7,7,7,7,7,7,7,7,3,3,3,3,7,7,7,7,7,7,7,7,4,4,4,4,5,5,5,5,2,2,4,2,,,,1,,,1,,5,5,5,5,3,3,3,7,7,7,7
116,1,2,2,2,4,5,5,5,5,5,3,3,3,5,3,3,3,2,2,3,3,2,3,3,3,2,2,3,3,1,4,5,3,,,,,,1,1,1,5,6,6,5,3,3,3,1,1,1,1
234,1,7,5,3,7,7,5,5,7,4,4,4,4,4,2,2,7,4,1,1,1,4,4,4,7,4,4,4,4,2,4,3,2,,,,1,,1,1,1,5,6,6,6,1,1,1,4,4,4,4
496,1,7,7,7,7,4,4,5,6,3,3,3,5,3,3,3,5,3,3,3,3,4,4,4,5,4,4,3,6,2,4,4,2,,1,,,1,1,1,1,3,5,7,5,4,4,4,3,3,3,4
146,1,7,6,7,6,7,6,7,6,7,5,6,6,4,5,5,4,7,6,5,7,6,7,5,6,7,5,5,6,2,4,4,3,,1,,1,1,,,,7,6,6,7,5,6,7,7,6,6,6
320,1,5,6,3,4,4,3,3,4,5,5,5,4,3,5,4,5,6,6,6,5,4,5,3,6,6,6,6,5,1,4,4,1,,,,,,1,1,1,5,5,6,4,1,1,1,6,4,5,6
246,1,5,5,4,3,6,4,3,3,5,4,4,4,5,3,4,4,4,4,4,4,5,3,3,3,5,5,4,5,1,4,3,2,,,,,,,,1,5,5,5,5,4,2,1,5,4,4,4
167,1,7,6,7,5,5,7,6,7,2,1,5,1,3,1,2,5,5,3,2,6,3,1,3,6,1,3,2,7,1,4,4,4,,1,,1,,,1,1,7,6,5,7,5,7,5,4,7,7,5
136,2,7,7,7,7,7,7,7,7,7,7,7,7,7,7,7,7,7,7,7,7,7,7,7,7,7,7,7,7,2,4,4,3,1,1,1,1,1,1,1,,7,7,7,7,7,7,7,7,7,7,7
335,1,1,1,1,1,3,2,3,5,3,2,2,3,2,2,2,1,3,4,3,5,1,1,1,1,5,6,2,6,1,6,3,2,,,,,,1,1,,7,5,7,5,5,4,3,3,5,4,3
215,1,7,6,6,6,7,7,7,7,7,7,6,7,7,7,7,7,7,7,6,5,7,7,7,7,7,7,7,5,1,4,4,2,,,,,1,1,,,5,5,5,5,3,3,2,4,4,4,6
113,1,6,7,6,6,6,7,7,6,6,7,6,6,6,7,6,6,6,6,7,5,6,6,6,7,6,7,6,6,2,3,4,5,1,,1,1,,,,,6,6,6,6,6,5,6,6,7,6,6
872,1,7,6,6,7,7,7,6,7,7,7,6,6,7,6,7,7,7,6,7,6,6,5,5,6,7,6,7,6,1,4,4,3,,,,1,,,1,1,6,6,7,6,7,6,7,6,6,7,6
132,1,6,5,5,7,7,6,6,7,6,5,6,6,6,5,6,5,7,5,6,5,2,6,5,7,4,6,5,6,2,4,4,3,,,,1,1,1,1,1,6,6,6,5,6,6,6,6,6,6,6
80,1,4,4,4,4,4,4,4,4,4,4,4,4,4,4,4,4,4,4,4,4,4,4,4,4,4,4,4,4,1,4,4,2,,,,1,,,1,,4,4,4,4,4,4,4,4,4,4,4
227,1,7,6,6,7,7,5,5,7,7,6,6,7,7,5,5,7,6,4,4,6,5,4,4,6,7,6,6,7,1,4,4,4,,,,1,1,1,1,1,7,7,7,6,5,5,4,7,7,5,5
320,1,2,2,2,4,1,1,1,1,6,5,6,7,2,2,2,2,2,2,2,2,5,5,5,6,4,4,4,4,2,4,5,1,,,,,1,1,1,1,7,7,7,7,5,6,7,7,6,6,6
303,1,7,6,6,7,7,7,7,7,1,2,2,1,3,3,3,6,5,5,3,4,6,5,5,7,6,7,7,7,1,4,4,2,,,1,,,1,1,1,7,7,7,7,4,7,6,7,7,7,7
162,1,4,4,4,5,3,3,4,4,4,4,4,4,4,4,4,5,3,3,4,3,3,3,4,3,3,3,3,2,1,5,4,2,,,,,,1,1,,5,6,5,5,1,1,2,4,4,4,4
369,1,2,1,1,3,5,4,4,6,1,1,1,3,5,5,4,5,3,4,3,2,5,5,6,7,2,1,1,6,2,3,3,4,,,,,,,1,1,6,6,7,4,2,3,4,6,4,7,6
181,1,6,6,5,7,6,6,5,6,5,5,5,6,6,6,5,6,5,5,4,5,5,5,4,6,5,5,4,6,2,4,5,3,,,,1,,,1,,6,6,6,6,4,5,5,6,5,6,6
200,1,5,5,5,6,5,5,5,7,3,3,3,5,6,6,6,7,5,5,5,5,5,5,5,7,3,3,3,6,2,4,4,3,,,,,,,1,1,6,6,6,6,6,6,5,5,4,2,5
140,1,6,6,5,7,7,6,5,7,5,4,4,5,6,6,6,4,6,7,7,7,6,5,5,5,5,6,5,6,1,3,4,2,,1,,1,1,,,,7,6,6,7,5,5,5,7,6,5,7
171,1,6,5,5,6,6,5,4,4,4,5,4,5,4,4,5,4,5,5,5,5,6,6,6,6,6,4,5,4,1,4,2,2,,,,1,1,1,1,,5,7,6,6,4,4,4,4,4,4,5
137,1,7,7,7,7,7,7,7,7,7,7,7,7,7,7,7,7,7,3,3,4,7,7,7,7,7,7,7,7,1,4,4,1,,1,,1,,,,,5,5,5,6,6,6,6,6,7,5,6
185,1,6,5,3,7,6,6,3,7,5,4,6,7,5,5,4,7,5,4,4,7,4,4,3,7,4,4,5,7,2,3,4,2,,1,,,,1,1,1,7,7,5,7,4,5,3,4,4,5,5
119,1,7,7,7,7,7,7,7,7,4,3,3,3,5,5,5,5,5,5,5,5,3,3,3,3,6,6,6,4,2,3,4,3,,1,1,1,1,1,1,1,7,7,7,7,7,7,7,7,7,7,7
141,1,7,7,7,7,7,6,6,7,5,6,5,6,4,5,5,5,4,4,4,4,2,3,2,4,4,5,5,4,2,2,4,3,,,,1,1,,1,1,7,7,7,7,4,4,5,7,7,6,4
237,1,7,7,7,7,7,7,7,7,7,7,7,7,7,7,7,7,7,7,7,7,7,7,7,7,7,7,7,7,2,5,2,2,,1,,,,,,,7,7,7,7,7,7,7,7,7,7,7
224,2,6,6,6,7,6,7,6,7,4,2,2,4,5,4,4,5,4,2,3,3,4,2,2,4,1,1,1,2,1,1,1,2,,1,,1,,,1,,5,4,4,4,2,3,2,2,2,5,3
305,1,7,7,7,7,7,7,6,7,3,4,4,6,5,4,3,5,4,4,5,6,3,3,3,6,6,5,2,7,1,5,1,4,,1,,,,1,1,,6,6,6,4,2,1,3,6,6,6,7
301,2,7,7,5,7,7,7,5,7,2,2,2,7,7,7,5,7,7,4,5,5,6,3,3,7,5,3,3,6,2,5,4,2,,1,,,,,1,,7,7,7,3,1,1,2,4,5,5,7
536,1,6,4,4,6,4,5,4,5,5,5,5,5,5,4,4,6,4,4,4,3,4,5,5,7,4,4,4,4,2,4,2,2,,,,,,1,1,1,5,5,5,3,2,2,2,2,2,2,4
377,1,7,7,7,7,7,7,7,7,6,6,6,6,7,7,7,7,7,7,7,7,6,6,5,6,6,7,6,7,2,4,2,2,,1,,,,1,1,1,7,7,7,7,6,6,6,7,7,6,7
384,1,6,4,5,7,6,6,6,5,4,5,5,5,4,4,4,5,5,4,5,4,4,4,5,4,4,4,3,3,2,4,4,1,,,,1,,,,1,4,4,5,5,4,4,5,5,5,5,5
356,1,6,7,7,7,7,6,7,7,7,7,7,7,7,7,7,7,7,7,6,6,6,7,7,7,5,7,7,6,2,4,2,3,,,,1,,1,1,1,7,6,5,6,6,6,6,7,7,7,7
144,1,6,6,6,7,6,7,6,7,6,5,5,7,6,5,6,6,6,5,6,6,6,5,5,7,6,6,6,6,1,4,2,3,1,1,,,1,,1,1,5,5,6,6,2,2,3,5,6,6,6
263,1,7,7,6,7,5,4,3,3,5,3,2,4,6,5,5,6,6,5,5,5,7,6,6,6,7,5,4,5,1,4,4,2,,,,1,1,1,1,,4,4,4,4,4,4,4,5,4,4,4
241,1,6,7,6,7,7,6,7,6,1,2,1,2,7,6,7,6,1,2,1,2,7,6,7,6,1,2,1,2,1,3,4,3,,1,,1,1,,,1,7,6,7,6,7,6,7,7,6,7,6
120,1,7,7,5,7,6,6,6,6,3,5,6,7,6,5,5,6,6,6,6,4,7,7,7,7,3,5,5,7,1,4,2,3,,,,1,,,1,1,7,6,5,7,6,7,6,6,6,7,7
240,1,7,7,7,7,7,4,5,6,4,4,3,5,5,5,4,5,4,3,4,3,6,3,3,7,7,7,7,1,1,4,3,2,,,,,1,1,1,1,5,4,5,6,5,5,1,7,7,7,7
208,1,5,5,4,6,5,5,4,5,4,4,4,4,4,4,4,4,4,4,4,4,2,2,2,2,2,2,2,2,2,5,4,2,,,,1,,,1,1,6,6,6,6,5,5,4,6,6,6,6
147,1,5,4,6,7,6,5,7,6,7,5,7,7,6,5,7,7,5,7,6,7,7,7,5,7,6,7,5,5,2,3,4,2,,,,,1,1,1,1,7,7,6,7,7,6,7,6,7,7,6
513,1,6,5,6,7,6,6,5,7,6,6,6,6,6,6,6,7,6,6,6,6,6,6,6,7,6,6,6,5,1,3,3,1,,,1,,,,1,1,5,5,6,5,3,3,3,6,5,6,6
7001,1,5,5,4,6,6,5,5,7,4,3,2,4,6,4,3,3,4,5,4,5,4,4,3,5,5,5,4,5,2,3,4,3,,,,,,,1,1,5,5,6,7,4,3,5,4,5,5,4
502,1,7,7,7,7,7,7,7,7,7,6,7,7,5,4,5,6,5,5,4,6,7,6,7,6,6,5,6,7,2,4,3,2,,1,,,1,1,,1,6,5,6,6,4,4,5,6,6,5,5
190,1,4,5,3,6,6,6,5,7,4,4,6,7,6,6,6,7,5,7,6,5,5,6,6,6,4,4,4,4,2,4,3,3,,1,1,,1,,1,1,7,7,6,7,3,3,3,5,4,4,6
95,1,5,5,5,5,6,6,6,6,4,4,3,3,5,6,6,5,4,5,5,5,4,5,5,4,5,5,5,6,2,4,4,2,,,,,,,1,1,6,6,5,5,5,5,5,5,5,4,5
47,1,6,4,4,6,6,6,5,4,6,6,4,6,6,4,6,5,6,4,6,4,6,5,4,6,6,5,4,6,2,3,4,3,,1,,,,,1,1,6,4,6,6,4,6,6,6,5,6,5
585,1,7,5,5,7,7,7,2,7,5,6,2,7,7,3,1,4,2,4,2,1,1,3,2,5,6,5,2,4,2,3,4,4,,,,1,1,1,1,1,7,7,7,7,1,3,2,7,2,7,2
129,1,5,6,6,7,6,5,5,6,3,4,3,4,5,3,3,2,3,4,3,4,2,3,4,3,3,3,4,5,1,4,4,2,,1,,1,1,1,,,6,7,6,6,4,4,3,5,6,5,6
104,1,6,6,6,6,6,6,6,6,2,2,2,2,6,6,6,6,4,4,4,4,4,4,4,4,3,3,4,3,1,4,4,2,,,,1,1,1,1,1,5,5,5,5,5,5,5,5,5,5,5
583,1,7,7,7,7,7,7,7,7,5,3,3,6,5,3,3,6,3,3,3,1,6,5,5,7,3,3,3,7,2,5,2,3,,1,,1,1,1,1,1,7,7,7,7,5,5,6,5,5,5,5
175,1,4,4,1,6,5,4,1,3,1,1,1,7,1,1,1,1,1,1,1,1,5,3,1,7,4,3,1,7,1,3,3,3,,,,,,,1,1,5,5,4,6,2,2,1,3,2,3,4
164,1,7,7,7,7,7,7,7,7,6,5,6,7,7,6,6,7,7,6,6,7,6,5,5,7,7,7,7,7,2,3,4,4,,,,,,,1,1,7,7,7,7,6,5,5,7,4,4,5
118,1,7,6,6,7,6,6,6,7,7,6,6,6,5,6,7,6,6,5,6,4,6,5,7,6,6,5,5,6,2,3,3,3,,,,1,1,1,1,1,6,4,5,5,6,6,6,5,6,5,5
140,1,6,6,6,7,4,3,4,6,5,4,6,7,5,6,5,7,5,4,5,6,4,6,4,7,7,4,7,5,2,3,5,2,,1,,,1,1,1,1,5,6,4,6,3,3,4,3,3,3,3
180,1,6,7,7,7,6,6,6,7,2,3,2,7,5,6,6,7,6,7,6,6,6,7,5,6,7,6,5,6,2,3,4,3,,1,,,,,1,1,7,5,7,7,5,4,4,7,7,7,7
199,1,5,5,6,7,7,6,6,6,4,5,5,5,5,5,5,5,4,4,4,6,5,4,4,7,6,6,6,6,1,4,2,2,,1,1,,,1,1,,5,5,5,6,4,4,4,6,6,6,7
326,1,4,5,4,6,5,5,5,6,4,5,5,6,5,5,5,6,4,5,5,5,4,5,5,7,2,5,5,4,1,4,1,3,,1,,1,1,1,1,1,7,7,7,7,5,5,4,7,7,7,7
53,1,6,6,5,6,5,6,6,6,5,5,5,4,6,5,6,6,5,5,6,6,7,6,6,5,4,5,6,6,2,3,4,4,,1,1,1,,1,,,6,4,6,5,6,5,7,7,5,7,6
201,1,7,7,7,7,7,7,7,7,5,5,5,5,4,4,4,4,4,4,4,4,3,3,3,3,3,3,3,3,1,3,3,2,,,,,,1,1,1,4,4,6,6,4,4,4,5,6,6,6
81,1,6,6,6,6,6,6,6,7,6,7,6,7,6,6,7,7,6,7,5,7,7,6,7,7,5,7,6,5,1,3,4,2,,1,,,,,1,1,7,7,7,7,4,4,4,7,7,7,7
218,1,3,2,2,1,6,6,5,6,2,1,1,1,3,2,2,3,4,5,5,6,2,1,1,1,1,1,1,1,1,4,4,2,,,,,,1,1,1,6,6,6,6,4,4,5,6,4,4,4
291,1,5,6,5,7,5,5,6,6,4,3,4,5,5,5,4,5,4,4,3,4,4,4,4,5,4,4,5,5,2,3,3,4,,,,,,1,1,1,5,5,5,4,2,3,2,5,4,3,5
200,1,7,7,7,7,7,6,7,6,5,6,6,5,7,6,7,6,5,6,5,6,4,5,6,6,5,4,5,5,2,3,4,2,,,,1,,,1,1,6,5,6,6,5,6,5,6,5,6,5
1658,2,7,7,7,7,6,6,6,6,6,6,6,7,6,6,6,7,2,2,2,2,5,5,5,6,5,5,5,6,1,6,3,3,1,1,1,1,1,1,,,5,5,5,5,3,3,3,4,4,4,4
283,1,7,7,7,7,7,7,7,7,7,7,7,7,7,7,7,7,7,7,7,7,7,7,7,7,7,7,7,7,2,5,2,3,,,,,,1,,,7,7,7,7,3,4,4,7,7,7,7
219,1,4,4,4,3,3,3,2,4,5,4,5,7,3,3,3,5,4,4,5,4,5,4,3,3,5,4,3,7,1,4,2,1,,1,,,,1,1,1,4,5,6,4,5,5,5,1,1,1,1
441,1,7,6,6,7,7,7,6,7,6,6,5,5,7,4,4,5,5,4,4,6,5,3,3,4,6,6,5,6,2,4,4,3,,,,,,1,1,1,7,6,6,7,4,4,5,4,2,4,4
103,1,6,6,5,6,5,5,6,6,3,3,3,2,2,3,2,3,3,3,2,3,3,3,2,4,3,2,3,4,1,3,3,5,,1,,1,1,1,,1,4,3,4,3,3,5,4,4,3,4,3
169,1,7,7,7,7,7,7,7,7,7,7,7,7,7,7,7,7,7,7,7,7,7,7,7,7,7,7,7,7,2,4,4,2,,1,,1,1,,,,6,6,7,6,7,6,7,7,7,6,5
294,1,2,3,3,4,5,5,4,7,4,3,4,5,4,4,5,5,3,3,3,2,4,4,3,4,4,2,3,7,2,3,4,4,,1,,,1,,1,1,5,7,7,6,4,3,5,5,6,6,6
163,1,7,7,7,7,7,7,7,7,7,7,7,7,7,7,7,7,7,3,7,1,7,7,7,7,7,7,7,7,1,4,2,3,,1,1,1,,1,1,1,7,7,7,7,7,7,7,7,7,7,7
188,1,6,6,6,7,6,6,5,7,5,4,5,7,5,4,4,7,6,5,4,6,5,5,5,6,5,5,4,6,1,3,4,3,,,1,1,1,1,1,1,6,6,6,6,5,5,6,6,6,5,5
102,1,6,5,6,6,5,5,6,6,5,5,6,5,5,6,6,6,5,6,6,6,5,5,6,6,5,5,5,6,2,5,5,5,1,,,1,,,,1,5,6,5,6,6,6,6,5,5,6,6
159,1,7,7,7,7,7,7,7,7,7,7,7,7,7,7,7,7,7,7,7,7,7,7,7,7,7,7,7,7,1,4,4,2,,1,,1,1,1,,1,7,7,7,7,7,7,7,7,7,7,7
214,1,6,6,6,6,6,6,6,6,4,4,4,4,4,4,4,4,4,4,4,4,4,4,4,4,4,4,4,4,1,4,4,3,,,,,,,1,1,6,6,6,6,4,5,4,6,6,6,6
245,1,6,6,5,6,6,6,5,6,5,5,5,5,5,5,4,6,5,5,4,6,5,4,4,5,5,5,5,6,1,5,4,2,,1,,,,1,1,,5,5,5,5,4,4,5,5,5,5,5
442,1,4,3,3,3,5,3,3,4,3,1,1,2,4,4,3,3,3,1,1,3,2,1,1,2,2,1,1,2,2,4,4,2,,1,,1,,1,1,1,7,7,7,7,3,3,3,5,6,6,5
281,1,7,6,6,7,7,6,6,7,4,3,3,7,5,5,4,7,6,5,5,6,4,4,4,7,5,5,5,6,1,4,3,2,,,,1,,1,1,,5,7,6,5,5,4,6,6,7,6,6
454,1,7,7,6,7,7,6,6,6,6,6,5,6,7,6,6,7,7,6,6,6,7,6,6,7,7,5,5,5,1,5,2,2,,1,,1,,1,1,,6,6,6,6,6,6,7,5,6,5,6
420,1,7,7,7,7,7,7,7,7,5,4,4,7,4,4,4,4,5,4,5,5,4,4,4,5,4,4,4,4,1,3,4,3,,,,,,,1,1,5,5,5,5,5,5,5,5,5,5,5
139,1,6,6,5,7,7,7,6,7,5,4,4,6,6,5,6,7,6,5,7,5,6,5,6,7,6,6,6,7,2,3,4,3,,1,,1,,,1,1,7,6,7,6,7,6,7,7,6,5,7
252,1,7,6,4,7,6,4,4,7,4,2,2,4,4,1,1,5,4,2,2,2,1,1,1,1,1,1,1,1,2,3,4,2,,,,1,,,1,1,7,7,6,6,1,1,1,6,6,6,4
199,1,3,3,3,3,3,3,3,3,3,3,3,3,3,3,3,3,3,3,3,3,3,3,3,3,3,3,3,3,2,3,4,2,,1,,,,,,1,5,5,5,5,1,2,1,3,2,3,3
367,1,7,7,7,7,7,7,7,7,7,7,7,7,7,7,6,7,7,5,5,5,7,7,7,7,7,5,5,7,2,3,3,3,,,1,1,,,1,1,7,7,7,7,4,4,5,4,4,4,4
140,1,6,6,6,6,6,6,6,6,5,4,4,4,4,4,4,3,4,3,3,4,4,4,4,4,3,3,2,2,2,4,3,2,,,,,,,,1,5,5,5,5,4,3,2,5,4,6,6
94,1,4,5,4,4,4,5,4,5,4,4,4,4,4,4,4,4,4,4,4,4,4,4,4,4,4,4,4,4,2,4,3,3,1,1,1,,,,,,4,4,4,4,4,4,4,4,4,4,4
123,1,5,5,5,5,5,5,5,5,4,5,5,5,5,5,5,5,5,4,5,5,5,5,5,5,5,5,4,4,2,4,2,1,,,,,,,1,,5,5,4,5,5,4,5,5,5,4,5
161,1,7,6,5,6,7,6,6,7,4,2,3,6,6,6,5,6,4,3,5,4,3,3,2,3,3,4,3,4,2,3,4,5,,1,,1,,1,1,1,6,5,6,6,3,2,3,6,4,5,7
236,1,7,7,6,6,6,6,6,5,4,3,3,6,7,6,6,6,5,5,5,3,5,4,4,4,4,5,5,4,2,4,4,3,,,,,1,1,1,1,7,7,6,6,4,3,4,6,6,5,5
245,1,5,5,4,4,6,5,5,5,6,5,5,5,5,5,5,5,5,5,4,4,5,5,5,4,6,4,4,1,2,4,4,1,,,,,1,,1,,4,4,4,4,4,4,4,5,4,4,4
953,2,7,6,6,7,6,6,5,7,5,4,5,7,4,5,4,7,4,3,6,4,4,3,5,6,4,4,5,5,2,5,2,2,,,,,,1,1,,3,3,5,4,2,3,2,6,5,7,5
361,1,7,7,6,6,7,7,7,7,4,4,1,5,5,5,6,4,6,6,4,4,2,1,1,7,3,2,1,3,2,3,3,4,,,,,,,1,1,7,7,7,7,7,7,7,5,7,7,7
196,1,7,6,5,7,6,5,5,7,5,4,4,5,5,4,5,5,5,6,5,4,3,3,3,4,2,1,3,5,1,4,3,2,,1,,,,1,1,1,6,6,7,7,4,4,5,6,6,5,7
112,1,4,4,4,4,4,4,4,5,2,2,2,2,4,4,4,4,3,3,3,3,3,3,3,3,2,2,2,2,2,3,4,2,,,,1,,,,,5,5,5,5,4,4,4,5,5,5,5
128,1,4,4,4,4,4,4,4,4,4,4,4,4,4,4,4,4,4,4,4,4,4,4,4,4,4,4,4,4,1,3,3,4,,,,1,1,,1,1,4,4,4,4,4,4,4,4,4,4,4
326,1,6,6,5,6,6,6,6,6,5,5,5,5,6,6,6,6,6,6,6,5,6,6,6,6,6,6,6,6,1,6,3,3,,1,,,,1,1,1,6,6,6,6,4,4,4,6,6,6,5
150,1,6,6,6,7,6,4,5,5,4,3,3,3,4,4,5,4,2,2,2,3,4,4,5,4,4,4,5,4,2,4,5,3,,,,1,,,1,1,5,5,5,5,5,6,5,5,5,7,6
311,1,6,5,4,6,4,3,5,5,6,3,5,6,5,6,4,7,5,4,4,6,6,5,6,6,5,6,5,5,2,3,3,3,,,,,,1,1,1,6,5,5,4,4,7,6,7,5,6,6
340,1,6,6,7,6,6,6,6,6,6,6,6,6,4,5,5,6,5,6,3,3,6,6,6,7,6,5,6,7,1,2,3,2,1,,1,,,1,,,6,6,7,6,7,6,6,6,7,7,7
307,1,5,5,5,6,5,5,5,5,5,5,5,5,5,5,5,5,5,5,5,5,5,5,5,5,5,5,5,5,2,5,1,2,,,,,,,1,,5,6,6,6,6,6,6,6,6,6,6
188,1,6,4,4,7,5,4,4,7,4,4,4,7,5,4,4,7,5,4,4,7,5,4,4,7,5,4,4,7,2,3,4,6,,1,,1,,1,1,1,6,7,7,7,1,1,1,4,4,4,4
208,1,5,4,4,1,5,5,5,1,4,4,4,1,5,5,5,1,5,5,5,7,5,5,5,1,5,5,5,1,1,4,1,2,,1,,,,,1,,6,3,4,4,5,3,5,1,1,1,1
112,1,5,6,5,6,7,6,5,6,5,6,5,4,7,6,7,6,5,6,7,6,6,5,6,5,5,6,5,4,2,5,4,4,,,,,1,1,1,,6,5,6,5,6,5,6,7,6,5,6
215,1,7,7,7,7,7,7,6,7,6,5,6,7,5,5,5,7,1,4,4,4,6,4,6,5,1,4,4,4,2,3,4,1,,,1,1,1,1,,1,6,6,7,6,4,6,5,3,3,4,6
236,1,7,7,7,7,7,7,7,7,7,7,7,7,7,7,7,7,6,6,6,6,7,7,7,7,7,7,7,7,1,3,2,3,,,,1,,1,1,,7,7,7,7,7,7,7,7,7,7,6
245,1,5,5,4,6,6,6,5,6,5,4,4,4,6,6,5,6,5,5,4,4,5,5,4,6,4,4,4,5,2,4,4,2,,1,,,,,,,5,5,5,5,3,4,3,4,4,4,4
396,1,7,7,7,7,7,7,7,7,6,4,7,6,7,7,7,7,7,6,6,4,3,3,4,7,6,7,5,4,1,4,3,5,,1,1,1,1,1,1,1,7,7,7,7,5,5,6,5,6,6,7
202,1,7,7,6,7,6,6,4,7,4,3,4,4,6,6,5,7,4,4,3,1,5,4,4,7,3,3,3,5,1,5,3,3,,,,1,,1,1,,6,6,7,7,5,5,4,6,6,7,6
316,1,1,1,1,1,1,1,1,3,4,4,4,7,5,5,5,7,3,3,3,5,3,3,3,5,2,2,2,5,1,4,3,3,1,,,,,1,1,1,7,7,7,7,3,3,3,7,7,7,7
99,1,7,7,7,7,7,7,7,7,7,7,7,7,7,7,7,7,7,7,7,7,7,7,7,7,7,7,7,7,1,3,2,2,1,1,1,1,1,1,1,1,7,7,7,7,7,7,7,7,7,7,7
343,1,7,7,7,7,7,7,7,7,6,6,6,7,4,4,4,4,4,4,4,6,4,4,4,7,4,4,4,7,2,3,3,4,,,,,,1,1,1,5,5,7,5,4,2,2,5,5,2,5
326,1,7,7,6,7,5,5,4,6,6,5,5,7,4,4,5,4,5,4,5,5,5,4,4,7,5,4,4,6,1,4,4,2,,,,,,1,1,1,4,4,6,6,3,3,3,5,4,5,6
333,1,5,5,5,7,7,7,7,7,6,6,6,7,7,7,7,7,6,6,6,5,6,6,6,7,4,4,4,7,2,4,4,2,,1,,1,,1,1,1,6,6,6,6,4,4,4,7,4,4,4
116,1,7,7,7,7,7,7,7,7,4,4,4,3,4,3,3,4,4,3,3,3,6,5,5,4,5,4,4,5,2,3,4,4,,1,,1,,,1,1,4,4,5,4,5,5,4,5,4,4,5
180,1,7,5,5,7,7,7,7,7,7,3,3,7,5,3,3,7,5,5,5,7,7,7,7,7,4,4,5,7,1,3,2,3,,,,,,,,1,7,7,7,7,7,7,7,4,4,7,7
89,1,4,4,4,5,5,5,5,5,4,4,4,5,4,4,4,4,4,4,4,4,4,4,4,4,4,4,4,4,2,3,4,2,1,1,1,1,1,1,1,1,5,5,5,5,5,5,4,5,5,4,5
1012,1,7,6,4,7,6,4,4,7,7,4,4,6,1,1,1,7,1,1,1,2,7,4,3,7,7,7,7,1,1,6,4,2,,1,,,1,,1,1,2,5,4,4,1,5,1,4,4,4,4
67,1,5,6,4,5,5,6,4,6,2,3,4,6,3,5,3,5,2,5,4,6,3,5,4,6,3,5,4,5,2,3,3,4,1,,,1,1,1,1,1,5,3,5,4,3,6,4,3,5,3,5
107,1,5,6,6,4,4,5,5,6,6,5,5,5,5,4,5,5,5,6,6,5,5,4,5,6,4,4,5,6,1,4,3,3,,1,,1,,1,1,1,6,5,5,6,6,5,4,6,5,5,5
330,1,6,6,5,7,6,6,6,6,5,5,5,6,3,5,4,5,4,5,5,5,4,4,4,4,3,3,3,3,2,4,4,4,,1,,,,1,,1,6,5,6,5,4,4,3,4,5,5,4
498,1,5,6,6,7,6,6,7,7,6,6,6,5,5,5,6,7,6,6,5,2,7,6,6,7,4,5,5,2,1,3,1,4,,1,,1,1,1,1,1,4,7,7,6,5,6,6,7,7,7,7
316,1,5,5,5,4,6,5,5,5,4,3,3,3,4,3,3,2,4,4,4,3,2,3,3,3,2,2,2,3,1,4,4,2,,,,1,1,1,1,1,7,6,6,6,2,2,2,4,4,4,6
546,1,7,7,7,7,5,5,5,7,4,4,4,4,4,4,4,6,2,3,2,4,4,3,3,6,2,2,2,6,1,4,5,2,,1,,,,1,,1,6,7,7,6,2,3,2,5,4,5,5
326,1,7,6,6,7,7,7,6,7,7,6,5,7,4,4,4,5,3,3,4,3,5,5,5,6,3,3,3,4,2,4,4,4,,,,,1,1,1,1,7,7,7,7,5,5,5,7,6,6,5
474,1,7,7,7,6,5,5,4,5,6,5,6,5,5,6,4,6,6,5,5,6,5,4,6,5,4,5,5,6,1,4,5,2,,,,,,,1,1,5,5,6,4,6,5,4,5,6,4,5
237,2,3,2,3,3,3,2,3,3,3,3,2,2,3,3,2,4,3,3,2,3,2,3,3,2,2,2,3,2,2,5,2,2,,,,,,1,,,3,3,3,2,2,3,3,4,3,3,3
62,1,6,5,7,4,6,5,6,7,5,6,7,6,7,6,7,5,6,6,5,7,6,4,5,6,6,5,7,4,1,4,5,2,1,,,1,1,,1,1,6,4,5,7,6,4,5,6,4,5,4
233,1,5,4,4,4,3,3,4,3,3,2,3,3,6,5,5,4,3,3,3,4,4,4,3,5,1,1,1,3,1,4,5,2,,,,,,1,,,7,4,3,3,1,1,1,5,3,4,2
101,1,7,5,6,5,7,5,4,7,7,4,7,5,7,5,7,7,6,7,6,7,7,6,6,7,7,6,5,7,2,4,4,3,,1,1,1,1,1,,1,6,7,5,7,5,7,7,6,5,4,7
298,1,7,7,5,7,7,4,4,7,4,2,2,4,2,1,1,6,2,1,1,4,2,1,1,5,1,1,1,3,2,3,4,2,,,,1,,,1,1,7,3,6,6,1,2,2,5,2,5,4
210,1,7,7,7,7,7,7,7,7,3,3,3,3,3,3,3,3,3,3,3,3,3,3,3,3,3,3,3,3,1,4,4,3,,,,,,1,1,1,7,7,7,4,5,3,3,7,3,4,7
215,1,4,4,3,7,4,4,2,7,1,1,1,4,5,2,3,5,2,2,2,1,1,1,1,6,1,1,1,1,1,3,4,4,,1,,1,1,1,1,1,6,5,6,5,5,5,5,4,4,3,6
238,1,6,5,3,5,5,5,3,7,5,3,3,5,5,4,4,5,3,3,3,3,5,5,4,7,4,5,4,4,2,3,4,3,,1,,,1,,1,1,7,7,7,7,6,5,4,7,6,7,7
115,1,7,6,4,7,7,5,6,7,7,7,6,7,6,5,4,7,6,5,4,5,7,5,5,7,7,5,4,7,2,3,4,5,,,,1,,1,1,,7,6,7,5,7,7,6,6,7,6,7
265,1,5,6,6,5,6,6,7,7,2,2,3,2,3,2,3,3,3,4,2,2,1,1,1,7,5,5,6,7,1,5,4,3,,,,,1,1,,1,6,6,7,7,4,4,4,6,6,7,6
277,1,5,4,4,5,5,5,4,6,3,3,3,4,5,5,4,6,4,4,3,3,3,3,3,6,4,3,3,4,2,3,4,5,,,,,,1,1,1,6,6,6,6,5,5,6,5,5,5,6
180,1,7,6,4,7,7,7,7,7,5,3,3,5,5,5,5,5,7,5,5,4,3,3,2,6,5,3,4,7,2,3,4,5,,,,,,,1,1,7,7,7,7,4,3,3,7,7,7,6
61,1,2,5,3,3,5,3,4,3,5,1,1,3,2,3,6,2,2,3,2,4,3,1,1,3,2,3,3,2,1,3,4,4,,,,,,,1,,3,3,3,5,3,2,3,2,3,4,3
634,1,5,4,4,5,6,5,4,6,6,5,3,6,4,3,3,5,5,5,3,4,5,5,4,6,3,2,3,4,2,3,4,3,,,,,,1,1,1,6,6,7,5,3,2,4,6,5,7,5
197,1,6,5,4,6,6,6,4,7,5,3,4,5,6,5,5,6,5,4,4,2,4,3,3,3,4,2,2,5,2,3,4,3,,,,1,1,1,1,1,6,6,7,7,3,3,3,6,3,6,6
173,1,4,5,5,7,3,4,4,6,1,2,2,3,1,1,1,1,4,5,5,7,1,2,1,1,1,1,1,3,1,3,4,5,,,,,,,1,1,7,7,6,5,3,4,5,5,6,6,4
609,1,7,6,6,6,7,6,6,6,4,4,4,4,7,6,6,7,5,4,4,5,4,3,3,7,3,3,3,6,2,5,5,4,,,,,,,,1,7,7,6,6,1,1,2,5,1,5,4
199,1,5,5,4,4,6,6,5,6,3,2,3,3,4,3,3,4,3,4,3,3,3,4,2,2,3,3,4,5,1,2,4,2,,,,,,1,1,1,6,7,6,7,3,3,2,4,3,5,6
170,1,7,7,7,7,7,7,7,7,4,4,4,7,4,4,4,7,7,7,7,7,5,3,3,7,6,5,6,7,2,3,4,4,,,,,,,1,1,7,7,7,7,4,4,3,4,4,4,4
225,1,5,5,4,4,6,5,4,5,6,6,4,4,5,5,5,6,6,4,4,5,5,6,4,5,3,3,4,6,2,3,4,3,,1,1,1,1,,1,1,6,6,6,5,3,4,2,4,5,4,4
225,1,5,5,5,5,4,4,4,6,3,3,3,3,3,3,3,3,3,3,3,3,2,2,2,2,2,2,2,2,2,3,4,3,,,,1,,1,1,1,5,5,6,4,2,3,3,6,5,6,6
381,1,3,3,3,4,5,4,4,4,3,3,3,3,2,2,2,4,2,2,2,1,2,2,2,4,2,2,2,4,2,3,4,3,,,,,,,1,1,5,5,5,5,4,4,4,4,4,4,5
298,1,5,4,4,6,6,5,4,6,3,3,4,4,2,3,3,5,3,3,3,4,3,3,4,5,3,4,4,5,2,3,4,3,,,,,,,1,1,5,5,4,5,3,3,2,3,2,2,1
270,1,5,4,4,5,5,4,4,6,3,3,3,4,4,4,4,4,4,4,4,5,3,3,3,5,3,3,3,4,2,3,4,3,,,,,,,1,1,6,6,6,6,5,4,3,5,5,3,3
234,1,5,5,5,5,5,5,5,5,3,3,3,3,5,5,5,3,5,5,5,5,5,5,5,5,3,3,3,3,2,3,4,4,,,,,,,1,1,7,7,7,7,6,6,5,6,6,6,6
213,1,5,4,5,6,6,4,4,6,4,3,4,4,4,3,4,4,3,3,4,3,3,3,2,3,4,4,3,6,2,3,4,3,,,,,,,1,1,5,5,6,4,3,3,3,6,6,2,3
194,1,5,5,4,4,6,5,4,5,4,3,3,4,4,4,3,5,4,4,3,4,2,1,1,1,1,1,1,4,2,3,4,2,,,,,,,1,1,5,4,6,6,1,1,1,4,5,3,6
155,1,7,7,7,7,7,7,7,7,4,3,3,3,3,3,3,5,3,3,3,3,4,4,4,5,2,2,2,5,1,3,4,3,,,,,1,,1,1,4,5,5,3,3,2,2,3,2,5,5
131,1,6,6,4,6,6,5,5,5,5,5,5,6,4,4,4,4,3,4,4,4,4,5,4,5,5,5,3,5,2,3,4,4,,,,,,1,1,1,6,6,5,6,3,2,2,4,4,5,4
132,1,7,5,7,7,7,7,7,7,2,2,2,2,2,2,2,2,2,2,2,2,2,2,2,3,1,1,1,3,2,3,4,5,,,,,,,1,1,7,7,7,7,4,1,1,6,6,6,6
235,1,5,4,5,5,6,5,5,6,3,3,3,2,2,2,2,3,1,1,1,1,1,1,1,1,1,1,1,3,2,3,4,2,,,,,,1,1,1,6,6,6,4,5,5,6,4,3,3,5
224,1,4,2,2,7,4,3,3,6,5,3,2,3,2,1,1,1,3,2,1,1,1,2,1,3,1,1,1,2,2,3,4,5,,,,1,,1,1,1,7,7,7,7,2,1,1,3,1,5,4
284,1,7,7,5,6,2,1,1,4,5,5,5,4,4,4,4,4,4,4,4,4,2,2,2,2,3,3,3,3,2,3,4,6,,,,,,,1,1,7,7,7,7,3,3,5,7,7,7,7
118,2,2,2,2,3,2,2,2,3,1,1,1,1,3,3,3,4,1,1,1,1,1,1,1,1,1,1,1,1,1,3,4,3,,,,1,,,,,2,2,2,2,2,2,2,1,1,1,1
697,1,5,5,4,7,6,6,4,7,2,2,2,2,4,4,4,7,4,4,4,4,5,5,5,7,4,4,4,6,2,3,4,4,,,,,,,1,1,6,7,7,7,2,3,3,5,6,6,6
288,1,6,6,6,7,6,6,6,7,2,2,1,4,1,1,2,7,3,3,3,5,5,5,5,7,4,4,4,7,2,3,4,4,,,,,,,1,1,5,5,5,5,2,3,2,3,5,5,4
221,1,4,2,2,5,5,6,6,7,5,6,6,7,3,3,3,4,3,3,3,3,5,3,3,3,1,1,1,5,2,3,4,5,,1,,1,,,1,1,6,7,7,7,2,2,2,5,5,5,5
212,1,7,7,5,7,5,5,5,6,7,7,7,7,2,2,2,4,4,4,4,5,5,5,5,7,1,1,1,5,2,3,4,4,,,,1,,,1,1,6,6,6,6,5,5,4,4,4,5,5
220,1,6,6,6,7,6,6,6,7,2,2,2,1,4,4,4,4,3,3,3,1,5,5,5,6,3,3,3,5,1,3,4,4,,,,,,,1,1,6,7,7,6,3,2,2,6,6,7,7
163,1,5,5,5,6,4,5,5,6,5,5,5,7,6,5,5,5,4,4,4,5,5,4,4,5,5,5,5,6,2,3,4,3,,,,,,1,1,1,6,6,6,6,3,3,5,6,6,6,3
195,1,5,5,4,3,5,4,4,6,2,2,2,1,3,3,3,1,4,3,3,2,2,2,2,1,2,2,2,2,2,3,4,3,,,,,,,1,1,5,5,6,6,1,1,1,4,2,2,1
199,1,5,2,2,2,7,5,5,6,2,1,1,6,3,2,1,2,2,1,1,2,2,2,2,2,2,2,2,4,2,3,4,4,,,,,,,1,1,6,6,5,6,1,1,1,1,1,1,3
168,1,6,6,5,7,6,6,6,7,5,5,5,7,5,4,4,5,5,4,4,5,3,3,3,4,2,2,2,4,2,3,4,4,,,,,,1,1,1,7,7,7,7,3,3,4,3,3,5,5
140,1,6,6,6,6,1,1,1,1,4,4,4,2,1,1,1,4,1,1,1,2,1,1,1,1,1,1,1,1,2,3,4,2,,,,,,,1,1,7,7,7,7,1,1,1,7,7,7,7
242,1,6,5,3,4,7,6,4,6,5,4,2,5,4,3,2,5,4,2,2,4,2,1,1,3,3,3,1,6,1,3,4,2,,1,,,,,1,1,6,5,6,6,2,2,3,5,3,3,2
326,1,7,7,5,5,6,6,6,5,4,4,4,5,5,5,5,5,5,5,5,5,3,3,3,4,3,3,3,3,2,3,4,4,,,,,,,1,1,7,7,7,7,4,4,4,7,7,7,7
211,1,5,4,4,6,6,4,3,7,4,4,4,4,2,2,1,4,1,1,2,1,2,1,1,5,2,2,1,4,2,3,4,3,,,,1,1,1,1,1,7,7,7,7,3,3,5,6,7,7,7
133,1,5,5,3,4,5,5,4,5,5,5,4,5,4,3,4,4,4,3,4,5,5,4,3,5,3,4,4,3,2,3,4,4,,,,,,,1,1,5,5,5,5,4,4,5,5,5,5,5
312,1,5,4,3,4,5,4,4,5,4,4,5,4,4,3,3,4,3,3,3,3,2,2,2,3,4,3,3,3,2,3,5,3,,1,,1,1,1,1,1,7,7,7,7,2,2,3,6,4,4,5
388,1,4,1,1,1,7,4,1,5,4,2,1,1,4,2,1,1,5,1,1,1,4,1,1,1,1,1,1,1,2,3,5,2,,,,,,,,1,7,6,7,7,7,7,7,7,7,7,7
573,1,5,4,6,7,5,6,5,6,3,2,2,5,4,5,4,6,4,5,2,5,6,5,6,5,3,2,3,5,1,4,5,4,,,,,,,1,1,6,6,5,6,3,3,3,5,6,6,4
390,1,3,4,3,6,6,5,5,6,3,2,3,6,6,3,5,6,6,7,5,7,4,5,3,6,3,3,5,5,2,3,5,4,,,,1,1,1,1,1,5,6,5,5,5,5,5,6,6,6,6
277,1,5,5,5,4,6,5,3,5,3,3,3,3,1,2,2,3,2,2,2,2,3,3,3,2,2,2,3,2,2,3,5,3,,,,,,,1,1,7,6,6,7,2,2,3,2,2,2,1
226,1,4,3,3,2,5,5,4,5,3,3,2,3,5,5,5,5,3,3,3,3,3,2,2,2,2,2,1,1,1,4,5,3,1,,,,1,,1,1,5,6,6,6,2,3,3,6,5,6,5
215,1,7,5,3,3,7,4,4,5,3,4,4,4,3,5,2,2,2,2,2,3,2,2,2,5,1,2,2,1,2,3,5,2,,,,1,1,,1,1,6,6,6,6,3,3,3,5,5,5,5
160,1,1,1,1,1,1,3,2,1,1,1,1,7,7,5,3,3,1,5,4,3,1,4,3,1,1,3,2,5,1,1,5,6,1,,1,,,,,,1,1,1,3,4,2,1,1,5,3,3
117,1,5,4,3,5,5,4,4,4,4,3,3,3,4,4,4,3,4,4,4,4,4,4,4,4,3,3,3,3,1,4,5,2,1,,,1,,,1,,7,5,5,6,4,4,5,3,6,5,6
